label,word,count
1,không,7588
1,hàng,5681
1,có,5086
1,nhưng,4396
1,được,4324
1,thì,4132
1,mình,4032
1,ko,3923
1,giao,3656
1,là,3069
1,bị,3055
1,như,2993
1,mua,2947
1,sản,2849
1,phẩm,2766
1,và,2468
1,nên,2429
1,hơi,2368
1,mà,2325
1,chất,2299
1,với,2262
1,giá,2233
1,cho,2208
1,lại,2159
1,shop,2039
1,dùng,1978
1,cũng,1976
1,hình,1947
1,nhận,1916
1,k,1890
1,màu,1887
1,quá,1807
1,rất,1772
1,khi,1705
1,lượng,1663
1,để,1655
1,chưa,1645
1,này,1633
1,cái,1597
1,hơn,1591
1,đẹp,1579
1,thấy,1573
1,chỉ,1542
1,tốt,1528
1,của,1510
1,ok,1479
1,tạm,1475
1,đã,1470
1,ra,1470
1,phải,1465
1,mới,1418
1,trong,1382
1,tiki,1364
1,đặt,1338
1,sao,1338
1,ổn,1324
1,nhanh,1251
1,lắm,1242
1,dụng,1214
1,máy,1201
1,nhiều,1150
1,biết,1136
1,đúng,1122
1,khá,1108
1,nhỏ,1087
1,còn,1070
1,về,1067
1,đc,1048
1,vào,1026
1,sử,1015
1,bình,1013
1,nào,1005
1,lần,993
1,tiền,986
1,gói,948
1,dây,938
1,bên,936
1,làm,923
1,size,915
1,thường,902
1,chắc,900
1,vì,875
1,rồi,867
1,so,858
1,đóng,858
1,nhìn,856
1,khác,844
1,sau,842
1,đi,824
1,tôi,812
1,trên,804
1,mỏng,792
1,giống,789
1,đổi,785
1,đầu,768
1,vải,760
1,vậy,758
1,các,749
1,vẫn,747
1,gì,746
1,vừa,744
1,hợp,714
1,khó,709
1,dễ,705
1,thôi,705
1,độ,703
1,ở,693
1,nói,693
1,túi,678
1,hộp,671
1,hay,671
1,thể,670
1,cảm,666
1,hết,655
1,sẽ,654
1,một,654
1,lâu,649
1,tuy,644
1,xài,643
1,ngày,636
1,lòng,636
1,ảnh,636
1,nước,626
1,sp,616
1,nhiên,609
1,mong,592
1,lên,588
1,tay,588
1,cao,587
1,áo,580
1,mặc,579
1,người,578
1,phần,578
1,mẫu,574
1,loại,565
1,thời,558
1,vọng,552
1,lúc,548
1,do,547
1,lắp,542
1,điện,537
1,lỗi,536
1,nó,528
1,nếu,528
1,ngoài,526
1,chung,521
1,m,517
1,ng,514
1,cả,514
1,hài,514
1,trước,513
1,bảo,512
1,chứ,511
1,chắn,511
1,dc,504
1,chân,502
1,đến,498
1,luôn,497
1,cáo,496
1,liệu,492
1,to,492
1,gian,492
1,thế,491
1,pin,485
1,cần,476
1,quảng,471
1,đơn,470
1,nữa,469
1,đó,468
1,nhà,466
1,nghe,459
1,ý,459
1,nhựa,457
1,đen,457
1,sạc,452
1,bằng,451
1,thêm,449
1,xem,448
1,may,445
1,bạn,442
1,khách,436
1,đánh,435
1,sách,433
1,trả,428
1,mất,424
1,theo,421
1,cứng,419
1,chuyển,418
1,mùi,416
1,mở,416
1,giày,416
1,số,416
1,n,414
1,bán,412
1,da,411
1,gửi,408
1,dù,408
1,yếu,397
1,đề,397
1,từ,394
1,dán,389
1,qua,383
1,thực,372
1,quần,369
1,mặt,369
1,chậm,368
1,hành,368
1,ạ,367
1,t,367
1,kết,364
1,thất,364
1,muốn,362
1,kg,362
1,tầm,361
1,nối,361
1,đồ,360
1,giờ,352
1,thận,352
1,con,352
1,cẩn,350
1,thông,348
1,thích,348
1,thiếu,348
1,kèm,347
1,phù,343
1,ghi,341
1,rẻ,340
1,bao,339
1,điểm,336
1,kém,333
1,đường,332
1,mấy,332
1,thanh,331
1,thử,326
1,mang,325
1,nhé,324
1,điều,321
1,nhẹ,318
1,dẫn,318
1,dính,317
1,chịu,314
1,cắm,312
1,tính,311
1,kiểu,310
1,i,309
1,c,308
1,ăn,303
1,cách,302
1,chỗ,301
1,hiệu,300
1,tin,300
1,kiểm,299
1,nóng,297
1,rõ,296
1,cũ,296
1,đủ,294
1,đây,294
1,tặng,294
1,bé,292
1,tả,291
1,đeo,288
1,chọn,288
1,hướng,288
1,dài,287
1,sự,287
1,tiếng,286
1,xe,286
1,keo,286
1,kéo,283
1,thật,283
1,công,281
1,bàn,279
1,sai,278
1,bộ,277
1,thiết,276
1,vận,275
1,rộng,274
1,xanh,272
1,sáng,271
1,tra,271
1,định,271
1,chính,268
1,dung,268
1,co,268
1,tới,268
1,hỏi,267
1,mô,267
1,bỏ,265
1,báo,265
1,đợi,264
1,âm,263
1,vấn,263
1,lớn,262
1,y,262
1,chạy,262
1,mềm,260
1,tháng,259
1,vài,258
1,lấy,257
1,bền,257
1,nhân,256
1,xong,255
1,chấp,255
1,đồng,254
1,cùng,254
1,quạt,254
1,giác,252
1,tai,252
1,gắn,251
1,đựng,251
1,nồi,251
1,những,250
1,năng,249
1,tự,249
1,ngắn,248
1,rách,248
1,sài,247
1,mã,247
1,trợ,247
1,xuất,247
1,đều,244
1,đâu,242
1,viên,242
1,giấy,240
1,móp,240
1,đèn,240
1,miếng,240
1,trắng,239
1,động,239
1,nha,239
1,hoàn,237
1,hôm,237
1,kính,236
1,kích,236
1,cầu,236
1,hút,235
1,ít,235
1,đang,233
1,thứ,233
1,nhất,233
1,in,232
1,kỹ,231
1,tiện,230
1,lý,230
1,nút,229
1,liên,224
1,thoại,223
1,hỗ,223
1,ai,222
1,tưởng,222
1,nhau,221
1,lỏng,220
1,tệ,218
1,nghĩ,217
1,mọi,217
1,sắc,217
1,hiện,217
1,mức,216
1,tế,215
1,thành,214
1,bắt,214
1,tiếp,213
1,em,213
1,thiện,213
1,nay,212
1,tại,211
1,gọi,211
1,chống,210
1,dịch,209
1,đế,209
1,chút,208
1,hãng,208
1,toàn,205
1,nắp,205
1,việc,205
1,bung,203
1,mỗi,202
1,thay,202
1,bọc,201
1,dép,201
1,ơn,200
1,hoặc,198
1,giúp,195
1,đôi,194
1,gia,194
1,hư,192
1,ốc,191
1,xấu,191
1,vẻ,190
1,vô,190
1,yêu,189
1,nhầm,188
1,vị,188
1,gần,188
1,đọc,188
1,hồi,188
1,trung,188
1,êm,186
1,dày,184
1,cầm,183
1,ngăn,182
1,màn,182
1,tuần,182
1,chi,182
1,cứ,181
1,thẻ,181
1,méo,181
1,chật,181
1,lớp,179
1,chỉnh,179
1,kế,178
1,tình,177
1,quả,177
1,nặng,176
1,nhiệt,175
1,kêu,175
1,tương,174
1,chán,172
1,cân,171
1,gãy,171
1,trang,170
1,xước,170
1,a,170
1,hiểu,169
1,chế,169
1,cỡ,168
1,hỏng,167
1,ship,166
1,chai,166
1,bấm,165
1,chơi,165
1,thi,165
1,đáng,165
1,chuẩn,163
1,phản,163
1,hoạt,161
1,hồ,161
1,giảm,160
1,ưng,159
1,trầy,159
1,đăng,158
1,tem,158
1,kiến,157
1,p,157
1,gọn,156
1,nguyên,156
1,ơi,156
1,phụ,156
1,tác,156
1,đối,156
1,chuột,156
1,hệ,155
1,khoảng,155
1,ngon,154
1,dưới,154
1,cung,153
1,quay,153
1,cài,152
1,vs,152
1,lót,152
1,vỏ,151
1,xuống,151
1,hai,151
1,bụi,150
1,nh,150
1,đau,149
1,loa,149
1,đầy,147
1,dự,147
1,mạnh,146
1,sơ,146
1,phát,146
1,nghị,145
1,mát,145
1,bản,145
1,ngay,145
1,giặt,143
1,thu,143
1,u,142
1,vui,142
1,chờ,141
1,thân,141
1,chụp,139
1,góc,139
1,kiện,139
1,la,139
1,cấp,139
1,tủ,138
1,minh,138
1,nhờ,138
1,dáng,137
1,khóa,137
1,bất,137
1,xác,136
1,lạnh,136
1,mắt,135
1,sạch,135
1,trừ,134
1,cam,134
1,vụ,134
1,xíu,133
1,vết,132
1,nấu,132
1,xay,132
1,lời,132
1,hang,132
1,giữ,131
1,lau,130
1,quan,130
1,ví,130
1,nhớ,130
1,ma,129
1,ổ,129
1,tối,128
1,nội,127
1,su,127
1,phía,127
1,xa,126
1,kẹp,126
1,bóng,126
1,cố,125
1,phí,125
1,cục,124
1,ha,124
1,thức,124
1,cáp,124
1,khăn,124
1,ứng,123
1,thước,123
1,lỗ,122
1,hạt,121
1,nguồn,121
1,tí,120
1,h,120
1,ban,119
1,mái,119
1,chiều,119
1,đắt,119
1,rớt,119
1,giải,119
1,phím,119
1,móc,119
1,đỏ,118
1,tín,118
1,bong,118
1,manh,118
1,hạn,118
1,nhắc,118
1,thơm,117
1,thương,117
1,lẻo,117
1,thô,117
1,vàng,116
1,camera,116
1,mau,116
1,học,116
1,hồng,116
1,nam,116
1,ống,116
1,nấy,115
1,bật,115
1,chữ,114
1,khoá,114
1,khớp,114
1,sang,114
1,o,113
1,giới,113
1,lưng,113
1,chức,112
1,đỡ,112
1,va,112
1,cây,112
1,cửa,112
1,tốc,112
1,kỳ,111
1,phòng,111
1,form,111
1,ba,111
1,bẩn,110
1,chiếc,110
1,quai,110
1,tiết,110
1,đưa,110
1,cơ,109
1,tắt,109
1,trình,109
1,mãi,108
1,bơm,108
1,hẹn,108
1,treo,108
1,s,108
1,sớm,108
1,l,108
1,xét,108
1,thoải,108
1,laptop,107
1,lưu,107
1,xin,107
1,ồn,107
1,usb,106
1,thấp,106
1,xl,105
1,sinh,104
1,tượng,104
1,anh,104
1,cắt,103
1,vỡ,103
1,vệ,103
1,mạng,102
1,bi,102
1,lệch,102
1,ngồi,101
1,khô,101
1,lông,101
1,khong,101
1,đặc,100
1,kim,100
1,cực,100
1,tam,100
1,vặn,100
1,quà,100
1,bì,100
1,năm,100
1,trẻ,100
1,tâm,100
1,gây,99
1,mũ,99
1,mờ,99
1,cổng,99
1,ép,99
1,thiệu,99
1,đòi,98
1,cm,98
1,kĩ,98
1,vít,98
1,đa,97
1,vòng,97
1,shipper,96
1,nhu,96
1,sóng,95
1,khâu,95
1,tháo,94
1,lẽ,94
1,rơi,94
1,balo,94
1,tư,94
1,chảy,94
1,cơm,93
1,lực,93
1,hộ,93
1,ráp,92
1,nổi,92
1,xoay,92
1,tục,92
1,mắc,92
1,hở,92
1,hôi,92
1,chua,92
1,thùng,92
1,uống,91
1,chú,91
1,nhung,91
1,đứt,91
1,chặt,90
1,hoi,90
1,bánh,90
1,buồn,89
1,trọng,89
1,ghế,89
1,giả,88
1,hóa,88
1,tiên,88
1,tróc,88
1,xử,87
1,nét,87
1,dầu,87
1,hi,87
1,tiếc,86
1,giãn,86
1,việt,86
1,bám,86
1,chẳng,86
1,tập,86
1,khuyến,85
1,nghiệm,85
1,chả,85
1,cải,85
1,v,85
1,trái,85
1,biệt,84
1,bể,84
1,giữa,83
1,an,83
1,wifi,83
1,phục,83
1,sữa,83
1,xịt,83
1,ấy,83
1,xám,83
1,kì,82
1,trời,82
1,cá,82
1,e,82
1,ca,82
1,nhắn,82
1,đấy,82
1,nhăn,82
1,câu,81
1,đươ,81
1,dòng,81
1,lọc,81
1,trí,81
1,rửa,81
1,mic,81
1,ôm,80
1,hoá,80
1,cổ,80
1,du,80
1,sợ,79
1,thừa,79
1,tóc,79
1,ràng,79
1,thị,79
1,kho,79
1,trông,79
1,tìm,79
1,tẩy,79
1,san,78
1,hy,78
1,duoc,78
1,nhạy,78
1,khiển,78
1,mịn,78
1,sát,77
1,khui,77
1,đổ,77
1,tui,77
1,vi,76
1,tiêu,76
1,rút,76
1,đứng,76
1,món,76
1,đo,76
1,cạnh,75
1,lịch,74
1,thun,74
1,coi,74
1,thái,73
1,di,73
1,tinh,73
1,đạt,73
1,sơn,73
1,quyết,73
1,pha,73
1,mực,73
1,tổng,73
1,gấp,73
1,ưu,72
1,ấm,72
1,chủ,72
1,tuột,72
1,trơn,71
1,sửa,71
1,chuyên,71
1,ủi,71
1,từng,71
1,mi,71
1,bếp,71
1,sa,70
1,đêm,70
1,kem,70
1,tường,70
1,phút,69
1,bề,69
1,cuốn,69
1,mũi,69
1,dơ,68
1,ủng,68
1,kinh,68
1,cong,68
1,sd,67
1,bay,67
1,siêu,67
1,tất,66
1,tận,66
1,ô,66
1,viền,66
1,đáy,66
1,phân,66
1,đệm,66
1,ngang,66
1,xứng,65
1,oke,65
1,trễ,64
1,suất,64
1,cặp,64
1,vật,64
1,bịch,64
1,băng,64
1,gặp,64
1,g,64
1,thấm,63
1,toán,63
1,nâu,63
1,hẳn,63
1,áp,63
1,viết,63
1,trạng,63
1,nơi,63
1,bông,62
1,bóc,62
1,tăng,62
1,đt,62
1,rỉ,62
1,bt,62
1,chóng,62
1,che,62
1,trực,61
1,dạng,61
1,phâ,61
1,củ,61
1,chat,60
1,à,60
1,đừng,60
1,r,60
1,cám,60
1,nón,60
1,nhạc,60
1,giầy,60
1,nho,60
1,cu,60
1,nhỉ,59
1,trường,59
1,sốc,59
1,tên,59
1,dấu,59
1,kia,59
1,nhật,59
1,quốc,59
1,cuối,58
1,ngoại,58
1,hưởng,58
1,chốt,58
1,cụ,58
1,video,58
1,remote,58
1,riêng,58
1,đoạn,58
1,đợt,58
1,khỏi,58
1,lắc,58
1,pham,57
1,kh,57
1,nữ,57
1,uy,57
1,sẵn,57
1,hoa,56
1,khả,56
1,kê,56
1,nghiệp,56
1,xốp,56
1,bluetooth,55
1,cháy,55
1,khẩu,55
1,tot,55
1,đem,55
1,trải,55
1,j,55
1,thẳng,55
1,bìa,55
1,na,55
1,ntn,54
1,thâ,54
1,ta,54
1,ấn,54
1,đá,54
1,nhiêu,54
1,càng,54
1,mưa,54
1,tờ,54
1,đậm,53
1,mùa,53
1,thuật,53
1,nằm,53
1,bò,53
1,khung,53
1,app,53
1,tô,53
1,ẩu,53
1,check,52
1,long,52
1,tội,52
1,nhãn,52
1,nhạt,52
1,sale,52
1,mk,52
1,vòi,51
1,chập,51
1,cánh,51
1,chia,51
1,lưỡi,51
1,lựa,51
1,tấm,51
1,hương,51
1,lo,51
1,lợi,50
1,lỡ,50
1,kín,50
1,on,50
1,dao,50
1,review,50
1,ánh,50
1,tạo,50
1,x,50
1,rè,50
1,quang,50
1,kệ,50
1,kha,50
1,khắc,49
1,ngờ,49
1,xúc,49
1,thua,49
1,ẹp,49
1,combo,49
1,trị,49
1,nắng,49
1,bảng,48
1,nướng,48
1,ch,48
1,á,48
1,nhập,48
1,dep,48
1,sắt,48
1,văn,48
1,châ,48
1,hiển,48
1,bài,48
1,gối,48
1,tử,47
1,tròn,47
1,mầu,47
1,ướt,47
1,giản,47
1,vãi,47
1,bass,47
1,ẩm,47
1,kẹt,47
1,kênh,47
1,nhe,47
1,thảm,47
1,lẫn,47
1,biến,46
1,rung,46
1,đê,46
1,sét,46
1,samsung,46
1,dám,46
1,voi,46
1,nứt,46
1,test,45
1,sim,45
1,lam,45
1,lừa,45
1,gốc,45
1,linh,45
1,khay,45
1,nhược,45
1,sâu,45
1,tích,45
1,phun,44
1,đài,44
1,góp,44
1,bực,44
1,seal,44
1,ngực,44
1,kể,44
1,lộn,44
1,bút,44
1,quản,44
1,de,43
1,van,43
1,ọp,43
1,chợ,43
1,họa,43
1,giật,43
1,thịt,43
1,tắm,43
1,thả,43
1,bù,43
1,chê,43
1,tivi,43
1,mượt,43
1,nilon,42
1,dùm,42
1,chờn,42
1,moi,42
1,xuyên,42
1,dặn,42
1,trc,42
1,sz,42
1,lươ,42
1,dành,42
1,mn,42
1,nửa,42
1,chào,42
1,gió,42
1,bạc,42
1,cà,42
1,mỹ,42
1,ký,41
1,duy,41
1,sức,41
1,ngọt,41
1,bữa,41
1,chứa,41
1,mục,41
1,inox,41
1,xứ,41
1,cấn,41
1,trở,41
1,rời,41
1,đảm,41
1,sợi,41
1,họ,41
1,quyển,41
1,gót,41
1,đội,41
1,lă,40
1,chuyện,40
1,đẩy,40
1,chải,40
1,tránh,40
1,thoi,39
1,thẩm,39
1,nhâ,39
1,mại,39
1,inch,39
1,tốn,39
1,nồng,39
1,binh,39
1,đáp,39
1,ti,39
1,lai,39
1,nâng,39
1,nhan,39
1,ngược,39
1,chu,39
1,nen,39
1,diện,38
1,gỗ,38
1,mẹ,38
1,yên,38
1,date,38
1,đành,38
1,cafe,38
1,khí,38
1,ngủ,38
1,cx,38
1,cai,38
1,siết,38
1,lum,37
1,ml,37
1,lô,37
1,vai,37
1,ốp,37
1,thuốc,37
1,đậu,37
1,địa,37
1,bây,37
1,trục,37
1,trượt,37
1,gọng,37
1,đậy,37
1,cộng,37
1,hinh,37
1,gài,37
1,mút,37
1,hề,37
1,ve,36
1,hao,36
1,thuong,36
1,sôi,36
1,cẩu,36
1,gập,36
1,thao,36
1,khít,36
1,mảnh,36
1,thợ,36
1,the,36
1,vn,36
1,đô,36
1,xịn,36
1,bó,36
1,trading,36
1,nát,36
1,mm,36
1,ngón,36
1,lõi,35
1,lí,35
1,quanh,35
1,phiếu,35
1,bố,35
1,truyền,35
1,tv,35
1,bớt,35
1,thoát,35
1,thoảng,35
1,phai,35
1,xinh,35
1,qc,35
1,bo,34
1,bỉm,34
1,răng,34
1,đông,34
1,hoài,34
1,buổi,34
1,khoan,34
1,khuyên,34
1,ghê,34
1,chảo,34
1,váy,34
1,đại,34
1,bí,34
1,gương,34
1,w,34
1,dãn,34
1,đai,34
1,lạc,33
1,dư,33
1,cuộn,33
1,game,33
1,lò,33
1,nhôm,33
1,quấn,33
1,phong,33
1,tải,33
1,gi,33
1,tiê,33
1,quen,33
1,tùm,33
1,vạch,33
1,miêu,32
1,vo,32
1,mỏi,32
1,web,32
1,hô,32
1,quy,32
1,khg,32
1,sư,32
1,khiến,32
1,hãy,32
1,b,32
1,mác,32
1,ngắt,32
1,đính,32
1,mo,32
1,buộc,32
1,liền,32
1,ông,31
1,thanks,31
1,mb,31
1,lưới,31
1,quên,31
1,miệng,31
1,đạp,31
1,mơ,31
1,dở,31
1,bơi,31
1,xu,31
1,phiền,31
1,vân,31
1,xách,31
1,chạm,31
1,chị,31
1,khe,31
1,dàng,31
1,đun,31
1,phận,31
1,hát,31
1,muỗi,31
1,xxl,31
1,bụng,31
1,lá,31
1,vali,30
1,chứng,30
1,tức,30
1,xù,30
1,tuyệt,30
1,bóp,30
1,tuổi,30
1,ty,30
1,bổ,30
1,max,30
1,chấm,30
1,hủy,30
1,đất,30
1,ly,30
1,lọ,30
1,luong,30
1,toi,30
1,vắt,30
1,cốc,30
1,trách,30
1,khủng,30
1,bột,30
1,sàn,30
1,chênh,30
1,danh,29
1,vững,29
1,nhìu,29
1,d,29
1,luận,29
1,cột,29
1,mép,29
1,hông,29
1,tím,29
1,châm,29
1,say,28
1,ố,28
1,nghiêng,28
1,tóm,28
1,mah,28
1,set,28
1,vẹn,28
1,nhấn,28
1,chiên,28
1,bã,28
1,cập,28
1,nhét,28
1,biet,28
1,online,28
1,thuộc,28
1,cuộc,28
1,vầy,28
1,tr,28
1,led,28
1,thống,28
1,good,28
1,nghi,27
1,cạo,27
1,suy,27
1,ah,27
1,mac,27
1,dừng,27
1,logo,27
1,tu,27
1,than,27
1,nhẫn,27
1,doi,27
1,nàn,27
1,sx,27
1,day,27
1,sop,27
1,nv,27
1,hàn,27
1,xai,27
1,gáy,27
1,đằng,27
1,ghép,27
1,phủ,27
1,dong,27
1,tạ,27
1,vâ,27
1,rat,27
1,thủng,27
1,sống,27
1,tý,27
1,cua,27
1,tách,27
1,cối,27
1,râ,27
1,trưa,27
1,cấu,26
1,chă,26
1,jack,26
1,tiến,26
1,gạt,26
1,sung,26
1,tồn,26
1,mụn,26
1,dẻo,26
1,đập,26
1,lan,26
1,vùng,26
1,_,26
1,trùng,26
1,nhiệm,26
1,biê,26
1,kịp,26
1,chăm,26
1,nhám,26
1,chục,26
1,sánh,26
1,giọng,26
1,ngại,26
1,gb,26
1,hic,26
1,thoáng,26
1,đời,26
1,sóc,26
1,pro,26
1,phẳng,26
1,thư,26
1,niêm,26
1,cát,26
1,vênh,26
1,hà,26
1,điê,26
1,sắp,25
1,vua,25
1,nao,25
1,lag,25
1,ghim,25
1,sứt,25
1,tham,25
1,tắc,25
1,hiểm,25
1,vơ,25
1,hoạ,25
1,macbook,25
1,cận,25
1,xếp,25
1,vat,25
1,hấp,25
1,giây,25
1,giùm,25
1,km,25
1,lem,25
1,cô,25
1,hẹp,24
1,lầm,24
1,canh,24
1,đụng,24
1,cskh,24
1,mài,24
1,xả,24
1,gái,24
1,khét,24
1,nhảy,24
1,dầy,24
1,gồm,24
1,tien,24
1,đe,24
1,hk,24
1,hdmi,24
1,chín,24
1,phàn,24
1,lạ,24
1,chí,24
1,dt,24
1,bọt,24
1,be,24
1,nhg,24
1,đu,24
1,tầng,24
1,bự,24
1,thiệt,24
1,núm,24
1,phê,24
1,order,24
1,ngứa,23
1,tua,23
1,box,23
1,rằng,23
1,phi,23
1,bà,23
1,lung,23
1,tụt,23
1,rát,23
1,full,23
1,thỉnh,23
1,đọng,23
1,lộ,23
1,găng,23
1,sony,23
1,trai,23
1,mối,23
1,lăn,23
1,đă,23
1,vuông,22
1,gởi,22
1,tan,22
1,dưỡng,22
1,hên,22
1,chổ,22
1,hd,22
1,cty,22
1,ho,22
1,giòn,22
1,trưng,22
1,cán,22
1,driver,22
1,shiper,22
1,bày,22
1,xui,22
1,gấu,22
1,bệnh,22
1,ren,22
1,note,22
1,nguy,22
1,gạo,22
1,đĩa,22
1,nắm,22
1,quét,22
1,dân,22
1,hít,22
1,nhàng,22
1,thui,22
1,gắng,22
1,căng,22
1,bát,22
1,rô,22
1,kiếm,22
1,tranh,22
1,đk,21
1,hụt,21
1,reset,21
1,đùi,21
1,ki,21
1,tàu,21
1,vợ,21
1,chéo,21
1,dương,21
1,dê,21
1,it,21
1,ngẫu,21
1,thê,21
1,sương,21
1,miễn,21
1,mèo,21
1,cư,21
1,đương,21
1,chư,21
1,đình,21
1,mông,21
1,cấm,21
1,tràn,21
1,go,21
1,lửa,21
1,xà,21
1,mail,21
1,ni,21
1,micro,21
1,vợt,21
1,hê,21
1,mini,21
1,lun,21
1,phức,21
1,đục,21
1,mai,21
1,lâ,21
1,cờ,21
1,hoàng,21
1,khúc,21
1,mốc,21
1,nè,20
1,nt,20
1,clip,20
1,chó,20
1,tàm,20
1,tỉ,20
1,bận,20
1,thiê,20
1,lười,20
1,hả,20
1,goi,20
1,tài,20
1,khảo,20
1,lởm,20
1,rò,20
1,mồ,20
1,hầu,20
1,nươ,20
1,nhiễu,20
1,màng,20
1,rối,20
1,dể,20
1,bôi,20
1,khổ,20
1,cúc,20
1,nấc,20
1,đàn,20
1,trụ,20
1,đuôi,20
1,giong,20
1,xạc,20
1,khuyết,20
1,re,20
1,link,20
1,vời,20
1,bịt,20
1,nilong,20
1,sen,20
1,đ,20
1,cháo,20
1,tikinow,20
1,noi,20
1,iphone,20
1,bước,20
1,dụ,20
1,vứt,20
1,tung,20
1,hon,19
1,xì,19
1,lồng,19
1,mat,19
1,gắt,19
1,ipad,19
1,lẻ,19
1,gỡ,19
1,roi,19
1,kí,19
1,xiaomi,19
1,khói,19
1,lap,19
1,hữu,19
1,nản,19
1,biển,19
1,xung,19
1,nc,19
1,bê,19
1,đàng,19
1,ván,19
1,dạ,19
1,cọng,19
1,chăng,19
1,mik,19
1,cất,19
1,dữ,19
1,giường,19
1,vướng,19
1,chết,19
1,tã,19
1,câ,19
1,sờ,19
1,youtube,19
1,chương,19
1,ad,19
1,tạp,19
1,thủ,19
1,bác,19
1,cản,18
1,rác,18
1,okie,18
1,ngã,18
1,lương,18
1,đè,18
1,đươc,18
1,model,18
1,made,18
1,dai,18
1,khỏe,18
1,ruột,18
1,tôn,18
1,vực,18
1,tần,18
1,chấu,18
1,khoản,18
1,thép,18
1,se,18
1,china,18
1,phối,18
1,lổ,18
1,đâ,18
1,mật,18
1,bởi,18
1,vớ,18
1,vụn,18
1,tia,18
1,nua,18
1,dọc,18
1,type,18
1,ms,18
1,mó,18
1,trứng,18
1,ga,18
1,khởi,18
1,trôi,18
1,gà,18
1,vê,18
1,sọc,18
1,ngửi,18
1,chổi,18
1,ớt,18
1,ktra,18
1,nhi,18
1,trà,18
1,chìa,18
1,adapter,18
1,tông,18
1,khen,17
1,tuýp,17
1,khử,17
1,sac,17
1,phơi,17
1,thuận,17
1,mòn,17
1,mệt,17
1,củng,17
1,đuoc,17
1,nỗi,17
1,bth,17
1,cười,17
1,giáo,17
1,ben,17
1,hok,17
1,mạch,17
1,phim,17
1,dị,17
1,mẻ,17
1,cưa,17
1,hổ,17
1,xỏ,17
1,gẫy,17
1,sấy,17
1,nhái,17
1,nghệ,17
1,tq,17
1,vay,17
1,fake,17
1,mu,17
1,bồn,17
1,ke,17
1,thơ,16
1,gỉ,16
1,eo,16
1,chay,16
1,vẽ,16
1,chữa,16
1,bh,16
1,dõi,16
1,lơ,16
1,chô,16
1,thủy,16
1,lệ,16
1,huhu,16
1,môi,16
1,đep,16
1,nền,16
1,dọn,16
1,tùy,16
1,dẹp,16
1,hảo,16
1,râu,16
1,kềnh,16
1,rượu,16
1,sô,16
1,thậm,16
1,son,16
1,rụng,16
1,giỏ,16
1,nẹp,16
1,chui,16
1,xé,16
1,chúc,16
1,tg,16
1,ro,16
1,thổi,16
1,thằng,16
1,đơ,16
1,ơ,16
1,bén,16
1,í,16
1,hại,16
1,oki,16
1,sẻ,16
1,chiếu,16
1,hậu,16
1,phom,15
1,nghiên,15
1,vón,15
1,cứu,15
1,mâ,15
1,trùm,15
1,can,15
1,thang,15
1,nệm,15
1,gạch,15
1,dk,15
1,nếp,15
1,lốp,15
1,xo,15
1,đung,15
1,dinh,15
1,ích,15
1,nẻo,15
1,now,15
1,vote,15
1,lồi,15
1,phu,15
1,thà,15
1,tha,15
1,tê,15
1,rep,15
1,im,15
1,muối,15
1,bè,15
1,khoác,15
1,song,15
1,triệu,15
1,trò,15
1,tks,15
1,chùi,15
1,tản,15
1,rốt,15
1,file,15
1,no,15
1,tươi,15
1,tựa,15
1,lục,15
1,tp,15
1,ssd,15
1,chèn,15
1,tiệm,15
1,nghỉ,15
1,chà,15
1,gàng,15
1,dat,15
1,đắng,15
1,robot,15
1,bẻ,15
1,cảnh,15
1,tạch,15
1,nhuyễn,14
1,vơi,14
1,tỉnh,14
1,bít,14
1,dỏm,14
1,bục,14
1,hop,14
1,hcm,14
1,giơ,14
1,khoa,14
1,hoà,14
1,chén,14
1,pháp,14
1,hoang,14
1,khu,14
1,plus,14
1,nhúm,14
1,lm,14
1,tâ,14
1,dell,14
1,cạn,14
1,trăm,14
1,pc,14
1,sờn,14
1,carton,14
1,xô,14
1,hè,14
1,lòi,14
1,sổ,14
1,mỡ,14
1,ghét,14
1,mét,14
1,nành,14
1,nguoi,14
1,nhưg,14
1,hạ,14
1,nê,14
1,gõ,14
1,chuông,14
1,mền,14
1,thoa,14
1,cồng,14
1,haizz,14
1,lủng,14
1,đích,14
1,vang,14
1,cộc,14
1,kiệm,14
1,rùi,14
1,kén,14
1,ruồi,14
1,lập,14
1,chip,13
1,hdsd,13
1,trặc,13
1,già,13
1,ngâm,13
1,tây,13
1,den,13
1,win,13
1,bẹp,13
1,ae,13
1,chừng,13
1,săn,13
1,rít,13
1,thuyết,13
1,rau,13
1,đàm,13
1,phầm,13
1,shopee,13
1,mbps,13
1,email,13
1,mì,13
1,hong,13
1,soi,13
1,phiên,13
1,gui,13
1,đống,13
1,suốt,13
1,hũ,13
1,ten,13
1,xi,13
1,máu,13
1,lưỡng,13
1,phương,13
1,tròng,13
1,f,13
1,móng,13
1,nsx,13
1,giám,13
1,cọ,13
1,wa,13
1,hú,13
1,huỷ,13
1,khac,13
1,ngàn,13
1,mò,13
1,tẹo,13
1,windows,13
1,trọn,13
1,biểu,13
1,ky,13
1,phao,13
1,nhọn,13
1,dược,13
1,đểu,13
1,đà,13
1,best,13
1,xướt,13
1,trật,13
1,nhin,13
1,thắc,13
1,đảo,13
1,quý,13
1,comment,13
1,quê,13
1,lõm,13
1,ip,13
1,tag,13
1,vc,13
1,copy,13
1,đinh,13
1,nhieu,12
1,chang,12
1,bô,12
1,hđ,12
1,tưa,12
1,free,12
1,khích,12
1,ak,12
1,kt,12
1,đầm,12
1,trần,12
1,cộm,12
1,đáo,12
1,vỉ,12
1,muộn,12
1,đùng,12
1,vien,12
1,chúng,12
1,kiếng,12
1,căn,12
1,sảo,12
1,cồn,12
1,nhở,12
1,bức,12
1,thưa,12
1,nhàu,12
1,thiên,12
1,đốt,12
1,cạch,12
1,bưu,12
1,lọt,12
1,bốn,12
1,chan,12
1,ảo,12
1,z,12
1,lock,12
1,hâm,12
1,cotton,12
1,nạ,12
1,nít,12
1,trúng,12
1,vtv,12
1,chát,12
1,nhiê,12
1,pu,12
1,mot,12
1,from,12
1,chồng,12
1,thâm,12
1,hòa,12
1,cặn,12
1,te,12
1,thú,12
1,xẹp,11
1,mĩ,11
1,vở,11
1,lui,11
1,phồng,11
1,đấu,11
1,dập,11
1,cùi,11
1,loai,11
1,thich,11
1,diệt,11
1,triển,11
1,dau,11
1,rêu,11
1,le,11
1,sót,11
1,het,11
1,code,11
1,ngọc,11
1,mhz,11
1,trì,11
1,dang,11
1,đếm,11
1,zoom,11
1,hối,11
1,mặn,11
1,nhuộm,11
1,ezviz,11
1,hu,11
1,zin,11
1,bit,11
1,loi,11
1,côn,11
1,canon,11
1,xóa,11
1,them,11
1,chép,11
1,dò,11
1,ao,11
1,ức,11
1,hp,11
1,chủng,11
1,phạm,11
1,nghĩa,11
1,banh,11
1,bèo,11
1,bu,11
1,cham,11
1,biêt,11
1,tơ,11
1,tỏi,11
1,li,11
1,niềm,11
1,cha,11
1,trân,11
1,kiê,11
1,chở,11
1,don,11
1,lư,11
1,ram,11
1,quăng,11
1,muỗng,11
1,dần,11
1,okay,11
1,up,11
1,lược,11
1,nốt,11
1,quân,11
1,hứng,11
1,cay,11
1,bạt,11
1,rỏ,11
1,quãng,11
1,ngả,11
1,đứa,11
1,oi,11
1,liệt,11
1,tuỳ,10
1,phẩn,10
1,uv,10
1,ôi,10
1,hội,10
1,mp,10
1,gai,10
1,gậy,10
1,dâ,10
1,trữ,10
1,â,10
1,bắp,10
1,nêu,10
1,dan,10
1,dã,10
1,chon,10
1,jean,10
1,thườngsp,10
1,hệt,10
1,đư,10
1,lễ,10
1,lẹ,10
1,thắt,10
1,tiểu,10
1,vặt,10
1,hdd,10
1,rong,10
1,nga,10
1,and,10
1,fai,10
1,khoẻ,10
1,kẽ,10
1,hải,10
1,man,10
1,chiết,10
1,lg,10
1,gờ,10
1,vá,10
1,ủa,10
1,ngưng,10
1,dạo,10
1,hihi,10
1,sharp,10
1,len,10
1,lôi,10
1,ngũ,10
1,trộn,10
1,mọc,10
1,thieu,10
1,soát,10
1,trươ,10
1,xưởng,10
1,giặc,10
1,lầu,10
1,xí,10
1,dè,10
1,văng,10
1,xỉn,10
1,deo,10
1,drive,10
1,nhức,10
1,resort,10
1,thở,10
1,nhá,10
1,hiê,10
1,phích,10
1,hầm,10
1,lề,10
1,táo,10
1,dựa,10
1,tôm,10
1,voucher,10
1,mỉ,10
1,nách,10
1,router,10
1,đức,10
1,haiz,10
1,nhớt,9
1,biên,9
1,trơ,9
1,xóm,9
1,khiếu,9
1,off,9
1,lẫy,9
1,trống,9
1,tru,9
1,giô,9
1,ru,9
1,châu,9
1,tikipro,9
1,lay,9
1,hằn,9
1,chì,9
1,xìu,9
1,tỏ,9
1,tuyến,9
1,gas,9
1,sướt,9
1,đột,9
1,cào,9
1,sở,9
1,khéo,9
1,thèm,9
1,tuong,9
1,bầu,9
1,ck,9
1,or,9
1,xích,9
1,tripod,9
1,muô,9
1,dock,9
1,rà,9
1,lens,9
1,tố,9
1,duyệt,9
1,ngươ,9
1,lành,9
1,heo,9
1,sút,9
1,cap,9
1,nặc,9
1,nở,9
1,not,9
1,giắc,9
1,mâm,9
1,să,9
1,tren,9
1,truyện,9
1,thần,9
1,phin,9
1,kb,9
1,ghz,9
1,ráng,9
1,xảo,9
1,vịt,9
1,khoai,9
1,khối,9
1,lu,9
1,xộn,9
1,bă,9
1,kỷ,9
1,kich,9
1,xuâ,9
1,dối,9
1,mốp,9
1,truoc,9
1,chói,9
1,lận,9
1,đúc,9
1,nại,9
1,gián,9
1,ung,9
1,ư,9
1,ngan,9
1,chuâ,9
1,nỉ,9
1,cmt,9
1,dịu,9
1,lùi,9
1,nuoc,9
1,thank,9
1,nô,9
1,nhão,9
1,silicon,9
1,lít,9
1,ron,9
1,phóng,9
1,vẹo,9
1,vất,9
1,bik,9
1,ổng,9
1,lái,9
1,tái,9
1,lệnh,9
1,đâm,9
1,lắng,9
1,nham,9
1,lẽo,9
1,ốm,9
1,viê,9
1,nhừ,9
1,đắp,8
1,sach,8
1,air,8
1,ám,8
1,tieng,8
1,sước,8
1,ngựa,8
1,thuê,8
1,internet,8
1,dưng,8
1,panasonic,8
1,quán,8
1,yê,8
1,galaxy,8
1,rắc,8
1,xog,8
1,xò,8
1,thươ,8
1,khoét,8
1,cat,8
1,store,8
1,but,8
1,đào,8
1,ham,8
1,ss,8
1,mảng,8
1,phảm,8
1,nghiêm,8
1,android,8
1,adaptor,8
1,nịt,8
1,ngoai,8
1,trể,8
1,vách,8
1,nháy,8
1,ù,8
1,nhấc,8
1,cute,8
1,xưa,8
1,hub,8
1,chớp,8
1,đấm,8
1,dại,8
1,nheo,8
1,mạ,8
1,rate,8
1,thiểu,8
1,cường,8
1,đỗ,8
1,uốn,8
1,chơ,8
1,vành,8
1,hsd,8
1,dởm,8
1,hotline,8
1,kiềm,8
1,xảy,8
1,rỗng,8
1,mồi,8
1,mix,8
1,mún,8
1,vư,8
1,gôd,8
1,nhem,8
1,ngoa,8
1,trọ,8
1,sên,8
1,mă,8
1,lướt,8
1,vl,8
1,trầm,8
1,han,8
1,nghìn,8
1,gel,8
1,kiệt,8
1,ngõ,8
1,bang,8
1,express,8
1,caddy,8
1,tb,8
1,bắn,8
1,gía,8
1,lặp,8
1,khuy,8
1,karaoke,8
1,tết,8
1,thuỷ,8
1,khach,8
1,men,8
1,nổ,8
1,tim,8
1,rành,8
1,tươ,8
1,rua,8
1,đuổi,8
1,nư,8
1,vẩn,8
1,tro,8
1,xót,8
1,logitech,8
1,nạp,8
1,bad,8
1,time,8
1,rọc,8
1,cắn,8
1,chac,8
1,hắc,8
1,sắm,8
1,chât,8
1,ục,8
1,case,8
1,tefal,8
1,rãi,8
1,phá,8
1,kẹo,8
1,khuôn,8
1,sân,8
1,khai,8
1,body,8
1,hàg,8
1,mui,8
1,dặt,7
1,net,7
1,tgian,7
1,dien,7
1,hanh,7
1,am,7
1,tè,7
1,thoả,7
1,nylon,7
1,dựng,7
1,format,7
1,lốc,7
1,toner,7
1,niệm,7
1,vệt,7
1,họp,7
1,lột,7
1,blue,7
1,trạm,7
1,tphcm,7
1,đạn,7
1,đỉnh,7
1,chun,7
1,q,7
1,hn,7
1,sàng,7
1,qr,7
1,lon,7
1,ráy,7
1,gioăng,7
1,quăn,7
1,yến,7
1,đoán,7
1,phấn,7
1,mẩu,7
1,rườm,7
1,hủ,7
1,covid,7
1,bn,7
1,bookcare,7
1,muc,7
1,ep,7
1,ncc,7
1,lạp,7
1,lúa,7
1,anten,7
1,lật,7
1,tenda,7
1,lieu,7
1,giay,7
1,thik,7
1,cở,7
1,rán,7
1,chuyền,7
1,mù,7
1,update,7
1,tồi,7
1,que,7
1,lộc,7
1,đãi,7
1,ái,7
1,phô,7
1,bẫy,7
1,balô,7
1,ngữ,7
1,complain,7
1,hươ,7
1,team,7
1,cd,7
1,hẫng,7
1,tân,7
1,fb,7
1,cmnd,7
1,hằng,7
1,lổi,7
1,nu,7
1,sạt,7
1,bét,7
1,non,7
1,bệt,7
1,kỉ,7
1,mõng,7
1,tang,7
1,lặn,7
1,recommend,7
1,kaki,7
1,sticker,7
1,cốt,7
1,kiti,7
1,bitis,7
1,he,7
1,sần,7
1,tuyết,7
1,hột,7
1,mắn,7
1,tôt,7
1,official,7
1,súc,7
1,real,7
1,hơ,7
1,xiết,7
1,phẫm,7
1,dạy,6
1,ngàm,6
1,gom,6
1,cước,6
1,vd,6
1,cau,6
1,mày,6
1,zip,6
1,side,6
1,loang,6
1,khắp,6
1,mỏ,6
1,tanh,6
1,sốt,6
1,thọ,6
1,đốm,6
1,srm,6
1,chanh,6
1,đúg,6
1,dv,6
1,nhma,6
1,trận,6
1,nhẽ,6
1,vong,6
1,vựng,6
1,đong,6
1,gâ,6
1,orico,6
1,chặn,6
1,sốp,6
1,láo,6
1,thấu,6
1,sệt,6
1,thưởng,6
1,ong,6
1,volume,6
1,tn,6
1,product,6
1,phép,6
1,luồn,6
1,book,6
1,lấm,6
1,google,6
1,vác,6
1,phật,6
1,luc,6
1,hm,6
1,lê,6
1,pass,6
1,còi,6
1,ủ,6
1,thụ,6
1,cug,6
1,zai,6
1,lanh,6
1,tổ,6
1,sảm,6
1,quyền,6
1,hổng,6
1,nhoè,6
1,dàn,6
1,kiên,6
1,nhỡ,6
1,chuôi,6
1,chửi,6
1,rạch,6
1,rót,6
1,mốt,6
1,ngân,6
1,rưỡi,6
1,đh,6
1,xac,6
1,hứa,6
1,rảnh,6
1,sãn,6
1,out,6
1,mask,6
1,kẻ,6
1,xộc,6
1,trao,6
1,điêu,6
1,setup,6
1,simili,6
1,vẹt,6
1,chớ,6
1,ngắc,6
1,liê,6
1,nhẵn,6
1,moony,6
1,kìm,6
1,ib,6
1,ròi,6
1,ê,6
1,lép,6
1,míc,6
1,huyết,6
1,ỉu,6
1,hớ,6
1,trờn,6
1,neu,6
1,xau,6
1,is,6
1,gội,6
1,ngà,6
1,dục,6
1,tán,6
1,nguội,6
1,cọc,6
1,tơi,6
1,ạh,6
1,huy,6
1,nhấp,6
1,quat,6
1,bết,6
1,nang,6
1,quát,6
1,bội,6
1,khoen,6
1,lazada,6
1,quẹt,6
1,hồn,6
1,loãng,6
1,nâ,6
1,vả,6
1,bốc,6
1,nhang,6
1,sứ,6
1,bọn,6
1,bênh,6
1,láng,6
1,asus,6
1,nảy,6
1,dỡ,6
1,mâu,6
1,xẹo,6
1,náy,6
1,giọt,6
1,thuc,6
1,repeater,6
1,sạn,6
1,tẩu,6
1,té,6
1,chut,6
1,loạn,6
1,sandal,6
1,oto,6
1,sdt,6
1,túm,6
1,chuan,6
1,dvd,6
1,bâ,6
1,xát,6
1,ngta,6
1,yoosee,6
1,thêu,6
1,chông,5
1,lõng,5
1,leo,5
1,cạp,5
1,chợt,5
1,massage,5
1,xó,5
1,xoắn,5
1,chắt,5
1,xiu,5
1,chuyến,5
1,đút,5
1,nhợt,5
1,xệch,5
1,kép,5
1,truy,5
1,ngừng,5
1,this,5
1,két,5
1,bơ,5
1,xx,5
1,gio,5
1,sò,5
1,xiên,5
1,vớt,5
1,high,5
1,lăm,5
1,cống,5
1,chích,5
1,chày,5
1,alo,5
1,đuọc,5
1,bye,5
1,vga,5
1,fpt,5
1,án,5
1,bắc,5
1,điên,5
1,cúp,5
1,cacao,5
1,hời,5
1,mượn,5
1,toang,5
1,nhug,5
1,chong,5
1,hăm,5
1,ăng,5
1,lão,5
1,nức,5
1,tráng,5
1,cushion,5
1,nhòm,5
1,bả,5
1,fi,5
1,mớ,5
1,rang,5
1,phâm,5
1,logic,5
1,nx,5
1,th,5
1,trộm,5
1,mọt,5
1,atm,5
1,khôg,5
1,kcn,5
1,thúc,5
1,speed,5
1,gợi,5
1,vù,5
1,lún,5
1,lẩu,5
1,rệt,5
1,sùi,5
1,tùng,5
1,hì,5
1,bỏng,5
1,gư,5
1,tre,5
1,loay,5
1,feedback,5
1,card,5
1,main,5
1,chừa,5
1,rước,5
1,đắc,5
1,nhũn,5
1,click,5
1,thoai,5
1,sấu,5
1,trâu,5
1,nguyễn,5
1,nhằm,5
1,spa,5
1,vây,5
1,èo,5
1,vuốt,5
1,thải,5
1,yuumy,5
1,xào,5
1,you,5
1,sướng,5
1,hut,5
1,nhat,5
1,build,5
1,that,5
1,xây,5
1,băn,5
1,tab,5
1,tmđt,5
1,giư,5
1,mầm,5
1,vung,5
1,trau,5
1,dản,5
1,bảy,5
1,phan,5
1,giựt,5
1,barcode,5
1,ph,5
1,chiec,5
1,chăn,5
1,nă,5
1,dường,5
1,xổ,5
1,lien,5
1,rã,5
1,vắn,5
1,chước,5
1,bùn,5
1,tì,5
1,navy,5
1,chối,5
1,tét,5
1,đũng,5
1,cg,5
1,nhẹn,5
1,thăng,5
1,run,5
1,xã,5
1,pik,5
1,https,5
1,xéo,5
1,pk,5
1,lãng,5
1,lằn,5
1,sặc,5
1,nọ,5
1,switch,5
1,boost,5
1,xoá,5
1,nông,5
1,mây,5
1,ẩn,5
1,trội,5
1,lóc,5
1,vốn,5
1,mộc,5
1,phone,5
1,support,5
1,one,5
1,đền,5
1,huong,5
1,khấc,5
1,giẻ,5
1,nhã,5
1,ui,5
1,mê,5
1,lợt,5
1,dừa,5
1,chằng,5
1,dậy,5
1,thong,5
1,of,5
1,xương,5
1,nhèo,5
1,hỗn,5
1,like,5
1,trư,5
1,chấn,5
1,mìn,5
1,thít,5
1,vao,5
1,smartphone,5
1,má,5
1,ráo,5
1,bíp,5
1,pải,5
1,khang,5
1,for,5
1,bin,5
1,chuyen,5
1,hoay,5
1,rổ,5
1,miền,5
1,nhóm,5
1,dứt,4
1,rãnh,4
1,ios,4
1,me,4
1,dear,4
1,valy,4
1,hnay,4
1,ngu,4
1,xiêu,4
1,sn,4
1,từa,4
1,pho,4
1,brand,4
1,úp,4
1,rạn,4
1,rap,4
1,nhờn,4
1,brother,4
1,giai,4
1,royal,4
1,vcl,4
1,lều,4
1,philip,4
1,rìa,4
1,doanh,4
1,nới,4
1,vnp,4
1,cos,4
1,quẩn,4
1,rmf,4
1,ngành,4
1,mư,4
1,lao,4
1,nong,4
1,kk,4
1,txp,4
1,mòng,4
1,cỏ,4
1,độc,4
1,tri,4
1,tấn,4
1,ôn,4
1,quâ,4
1,wi,4
1,rữa,4
1,asa,4
1,mừng,4
1,lụa,4
1,active,4
1,teng,4
1,quạo,4
1,suýt,4
1,gỏi,4
1,bồi,4
1,xệ,4
1,kiêm,4
1,news,4
1,as,4
1,xửng,4
1,khôn,4
1,bạch,4
1,mập,4
1,bậc,4
1,chuốt,4
1,bàng,4
1,tăm,4
1,smart,4
1,website,4
1,mủn,4
1,ion,4
1,thánh,4
1,totolink,4
1,è,4
1,thắng,4
1,vượt,4
1,chiến,4
1,bom,4
1,cc,4
1,bẩy,4
1,bồ,4
1,kèo,4
1,cb,4
1,wave,4
1,ưa,4
1,vấp,4
1,lợ,4
1,hận,4
1,hix,4
1,min,4
1,sẫm,4
1,thây,4
1,gan,4
1,coa,4
1,đạc,4
1,tụi,4
1,óc,4
1,sire,4
1,nma,4
1,háo,4
1,phà,4
1,flash,4
1,nhiễm,4
1,sậm,4
1,vest,4
1,rầm,4
1,gtgt,4
1,yeu,4
1,sg,4
1,sủi,4
1,bào,4
1,rê,4
1,xê,4
1,xs,4
1,dẻ,4
1,thình,4
1,sđt,4
1,rủi,4
1,cf,4
1,riu,4
1,khoăn,4
1,phình,4
1,thuần,4
1,sh,4
1,oxy,4
1,bú,4
1,mía,4
1,tk,4
1,vu,4
1,giam,4
1,lặt,4
1,lém,4
1,finfin,4
1,mât,4
1,xuat,4
1,khoang,4
1,xông,4
1,toa,4
1,nôn,4
1,fom,4
1,ngoái,4
1,toan,4
1,sán,4
1,port,4
1,óng,4
1,dag,4
1,khoáng,4
1,jbl,4
1,huynh,4
1,giông,4
1,hảng,4
1,shoppe,4
1,trãi,4
1,nghịch,4
1,khiếp,4
1,bặm,4
1,cũg,4
1,gh,4
1,kit,4
1,aaa,4
1,ps,4
1,phước,4
1,gopro,4
1,lửng,4
1,viện,4
1,yếm,4
1,đoi,4
1,sexy,4
1,xuong,4
1,phễu,4
1,đò,4
1,bầm,4
1,linen,4
1,lh,4
1,xắn,4
1,rao,4
1,toát,4
1,khoanh,4
1,khập,4
1,diễn,4
1,lát,4
1,dẹt,4
1,mood,4
1,power,4
1,hoan,4
1,seller,4
1,độn,4
1,seri,4
1,tậm,4
1,phut,4
1,toạc,4
1,gđ,4
1,trg,4
1,hố,4
1,duong,4
1,nghề,4
1,lot,4
1,haha,4
1,mận,4
1,cv,4
1,view,4
1,xcm,4
1,vv,4
1,roche,4
1,thù,4
1,nén,4
1,sida,4
1,nơ,4
1,bj,4
1,thỏa,4
1,thầy,4
1,đx,4
1,posay,4
1,ớn,4
1,treble,4
1,quế,4
1,chình,4
1,benro,4
1,đăt,4
1,nhó,4
1,vietnam,4
1,queo,4
1,gaming,4
1,suông,4
1,dúng,4
1,loạt,4
1,audio,4
1,gay,4
1,buôn,4
1,qúa,4
1,hieu,4
1,haizzz,4
1,trâ,4
1,dua,4
1,tă,4
1,rj,4
1,dổm,4
1,ac,4
1,chận,4
1,load,4
1,us,4
1,quận,4
1,né,4
1,lâng,4
1,tong,4
1,xơ,4
1,că,4
1,đón,4
1,quật,4
1,ngọn,4
1,giang,4
1,nhien,4
1,mùng,4
1,ngạc,4
1,lượt,4
1,luọng,4
1,vèo,4
1,com,4
1,khiêng,4
1,nokia,4
1,cạ,4
1,nem,4
1,súng,4
1,đám,4
1,bãi,4
1,sĩ,4
1,tuộc,4
1,gym,4
1,st,4
1,toả,4
1,hức,4
1,rỗ,4
1,mak,4
1,first,4
1,hăng,4
1,võng,4
1,hùng,4
1,sip,4
1,lưa,4
1,tuya,4
1,chiếm,4
1,xoáy,4
1,miê,4
1,silicone,4
1,mủ,4
1,huawei,4
1,chườm,4
1,ex,4
1,bar,4
1,viettel,4
1,gr,4
1,lác,4
1,stock,4
1,dốc,3
1,gin,3
1,nft,3
1,ngậm,3
1,tiep,3
1,nhại,3
1,desktop,3
1,niu,3
1,mikkor,3
1,nhàm,3
1,mesh,3
1,dổi,3
1,ních,3
1,nhắt,3
1,vando,3
1,cache,3
1,hoãn,3
1,rèm,3
1,kẽm,3
1,carbon,3
1,chiu,3
1,vãn,3
1,data,3
1,zắc,3
1,bun,3
1,ariston,3
1,thăm,3
1,ì,3
1,ghé,3
1,kkkk,3
1,dươ,3
1,cụt,3
1,gu,3
1,rạc,3
1,lết,3
1,dô,3
1,suối,3
1,bhyt,3
1,modern,3
1,mèm,3
1,hen,3
1,dĩa,3
1,chởm,3
1,ào,3
1,mạt,3
1,tour,3
1,xach,3
1,ộp,3
1,trúc,3
1,thick,3
1,xóc,3
1,tuan,3
1,bỗng,3
1,cử,3
1,hom,3
1,vại,3
1,hik,3
1,khám,3
1,receiver,3
1,bặt,3
1,rât,3
1,chuối,3
1,dieu,3
1,sofa,3
1,dòn,3
1,chêm,3
1,săm,3
1,tát,3
1,cãi,3
1,lạm,3
1,hộc,3
1,supplier,3
1,chinh,3
1,bg,3
1,trốc,3
1,phết,3
1,tl,3
1,kiu,3
1,quánh,3
1,kangaroo,3
1,gớm,3
1,xén,3
1,hoac,3
1,điển,3
1,lac,3
1,dịp,3
1,vụng,3
1,lờn,3
1,bợ,3
1,cáu,3
1,dơi,3
1,text,3
1,nk,3
1,olay,3
1,yết,3
1,khái,3
1,channel,3
1,đựơc,3
1,búi,3
1,ri,3
1,gen,3
1,sms,3
1,cói,3
1,nhah,3
1,nghiền,3
1,lấp,3
1,nghẽn,3
1,khuất,3
1,lặng,3
1,mươi,3
1,trog,3
1,tháy,3
1,microsoft,3
1,giâ,3
1,rẽ,3
1,dách,3
1,giấu,3
1,hãi,3
1,anker,3
1,bat,3
1,rơ,3
1,tĩnh,3
1,lbs,3
1,bá,3
1,momo,3
1,giàn,3
1,paulas,3
1,lite,3
1,sườn,3
1,fham,3
1,hat,3
1,xăng,3
1,rộp,3
1,bui,3
1,mí,3
1,rột,3
1,hưu,3
1,dâu,3
1,ninh,3
1,chỉn,3
1,vươn,3
1,tặc,3
1,selfie,3
1,cút,3
1,more,3
1,nchung,3
1,sịn,3
1,môt,3
1,chọc,3
1,viêm,3
1,xuông,3
1,search,3
1,chap,3
1,home,3
1,oxi,3
1,rum,3
1,cuc,3
1,sk,3
1,ik,3
1,găm,3
1,chúa,3
1,sunlight,3
1,hợt,3
1,đở,3
1,poly,3
1,vói,3
1,tịt,3
1,ngoáy,3
1,kiển,3
1,bill,3
1,fm,3
1,bx,3
1,bần,3
1,ngộp,3
1,soạt,3
1,duyên,3
1,làn,3
1,thig,3
1,thon,3
1,hửng,3
1,ình,3
1,nhặn,3
1,ném,3
1,bùng,3
1,tiễn,3
1,tụ,3
1,ahihi,3
1,kien,3
1,sào,3
1,sứa,3
1,does,3
1,khống,3
1,sác,3
1,cac,3
1,lênh,3
1,gò,3
1,adidas,3
1,ướp,3
1,dúm,3
1,chiê,3
1,củn,3
1,bứt,3
1,window,3
1,triết,3
1,điệu,3
1,tips,3
1,nhòe,3
1,điền,3
1,face,3
1,mink,3
1,ls,3
1,nôi,3
1,hưng,3
1,choi,3
1,nice,3
1,cúng,3
1,nhơ,3
1,nhiu,3
1,sủ,3
1,international,3
1,coffee,3
1,ewelink,3
1,phán,3
1,titino,3
1,inverter,3
1,ghn,3
1,nau,3
1,call,3
1,hét,3
1,rẹt,3
1,thẩn,3
1,oc,3
1,trề,3
1,kkk,3
1,fan,3
1,cetaphil,3
1,monitor,3
1,tip,3
1,kè,3
1,phái,3
1,dx,3
1,vâng,3
1,eg,3
1,tổn,3
1,dbi,3
1,bão,3
1,hoat,3
1,bai,3
1,nb,3
1,só,3
1,cate,3
1,gí,3
1,huhuhu,3
1,lét,3
1,uô,3
1,đòn,3
1,nghèo,3
1,lỏi,3
1,kẻo,3
1,đanh,3
1,nàu,3
1,liu,3
1,đg,3
1,xắc,3
1,tiệc,3
1,space,3
1,meo,3
1,kháng,3
1,hqua,3
1,tmdt,3
1,sập,3
1,rot,3
1,kiềng,3
1,chuc,3
1,unlock,3
1,đên,3
1,luon,3
1,lòe,3
1,thác,3
1,gôm,3
1,sưng,3
1,cún,3
1,thiệp,3
1,vios,3
1,lân,3
1,gủi,3
1,gầm,3
1,yoga,3
1,môn,3
1,sf,3
1,standee,3
1,cup,3
1,hâ,3
1,sù,3
1,gầy,3
1,quái,3
1,sẹo,3
1,nhích,3
1,nhỉnh,3
1,mẽ,3
1,serial,3
1,ngă,3
1,mời,3
1,gióng,3
1,nhả,3
1,ngột,3
1,cưng,3
1,phộng,3
1,gang,3
1,trán,3
1,nd,3
1,lăng,3
1,download,3
1,write,3
1,chầy,3
1,kô,3
1,dệt,3
1,boc,3
1,vức,3
1,ngập,3
1,imou,3
1,gps,3
1,dac,3
1,usa,3
1,vền,3
1,hắt,3
1,rắm,3
1,mõi,3
1,nhô,3
1,khóc,3
1,astra,3
1,luyện,3
1,hạp,3
1,netflix,3
1,ᴗ,3
1,bk,3
1,ttc,3
1,dich,3
1,đọt,3
1,vọt,3
1,mãn,3
1,unbox,3
1,chim,3
1,live,3
1,dồn,3
1,bìn,3
1,thiet,3
1,tone,3
1,lũ,3
1,modem,3
1,wacom,3
1,pô,3
1,low,3
1,bug,3
1,tỏa,3
1,thề,3
1,cậu,3
1,thỏm,3
1,trào,3
1,tao,3
1,np,3
1,phuc,3
1,truc,3
1,miết,3
1,gác,3
1,mon,3
1,gân,3
1,read,3
1,đưng,3
1,ghì,3
1,vần,3
1,miến,3
1,ngầu,3
1,ass,3
1,install,3
1,mạc,3
1,nghiem,3
1,gáp,3
1,tablet,3
1,bún,3
1,bookmark,3
1,thoái,3
1,dằm,3
1,tiềng,3
1,nhai,3
1,canin,3
1,ẻo,3
1,camara,3
1,are,3
1,chậc,3
1,hạng,3
1,ket,3
1,thỏ,3
1,nêm,3
1,lâm,3
1,đít,3
1,baseus,3
1,búa,3
1,ỗn,3
1,út,3
1,vip,3
1,dì,3
1,pảt,3
1,ồ,3
1,thuoc,3
1,dẫu,3
1,pai,3
1,mixer,3
1,magic,3
1,thói,3
1,biếng,3
1,gê,3
1,philips,3
1,excel,3
1,grab,3
1,ninja,3
1,vằn,3
1,hều,3
1,hí,3
1,hởi,3
1,japan,3
1,hêt,3
1,surface,3
1,chảnh,3
1,gboard,3
1,back,3
1,gă,3
1,kiêng,3
1,chuot,3
1,gymbal,3
1,rug,3
1,lấn,3
1,cwn,3
1,down,3
1,sẳn,3
1,xbox,3
1,deal,3
1,hàu,3
1,sến,3
1,sải,3
1,sì,3
1,bấp,3
1,béo,3
1,buffet,3
1,oh,3
1,nhuốc,3
1,chàm,3
1,bối,3
1,wá,3
1,si,3
1,ác,3
1,xôi,3
1,hoai,3
1,phú,3
1,ngôn,3
1,hỡi,3
1,hẵn,3
1,ngán,3
1,vĩ,3
1,niên,3
1,trày,3
1,mh,3
1,radio,3
1,nến,3
1,ị,3
1,buon,3
1,xuôi,3
1,shipping,3
1,át,3
1,lố,3
1,nhen,3
1,tênh,3
1,dưa,3
1,speedtest,3
1,triệt,3
1,ang,2
1,buô,2
1,tào,2
1,mouse,2
1,gs,2
1,chưng,2
1,look,2
1,charge,2
1,rack,2
1,db,2
1,manual,2
1,sthi,2
1,cavet,2
1,viễn,2
1,pierre,2
1,sẩm,2
1,halio,2
1,điếc,2
1,mod,2
1,khâ,2
1,visa,2
1,thỳ,2
1,wechat,2
1,band,2
1,money,2
1,hf,2
1,config,2
1,ửi,2
1,trót,2
1,tiec,2
1,vấy,2
1,phốt,2
1,bụp,2
1,beauty,2
1,bien,2
1,dongle,2
1,ll,2
1,highly,2
1,cựa,2
1,sột,2
1,happy,2
1,vsmart,2
1,page,2
1,mpx,2
1,vểnh,2
1,dth,2
1,doc,2
1,locknlock,2
1,add,2
1,loaii,2
1,baby,2
1,rắn,2
1,sỉn,2
1,chụm,2
1,mấu,2
1,aw,2
1,slim,2
1,qcao,2
1,option,2
1,initiate,2
1,não,2
1,met,2
1,phổ,2
1,hhhh,2
1,lạch,2
1,đùn,2
1,rốn,2
1,muon,2
1,phéc,2
1,tuền,2
1,trầu,2
1,xèo,2
1,cúi,2
1,redeem,2
1,khan,2
1,tikitrading,2
1,ncl,2
1,dỏ,2
1,ji,2
1,hỉnh,2
1,loẹt,2
1,gmail,2
1,polyester,2
1,nỗ,2
1,vit,2
1,trổ,2
1,xịch,2
1,cậy,2
1,talk,2
1,âu,2
1,ngăm,2
1,backup,2
1,hiếm,2
1,gòn,2
1,nãn,2
1,lào,2
1,tà,2
1,mop,2
1,slide,2
1,bến,2
1,hợ,2
1,xg,2
1,vắng,2
1,ngửa,2
1,trét,2
1,cằn,2
1,cod,2
1,fw,2
1,ds,2
1,ngừoi,2
1,ubuntu,2
1,gô,2
1,toits,2
1,cover,2
1,hot,2
1,quài,2
1,mxm,2
1,gioi,2
1,phạt,2
1,much,2
1,kiếp,2
1,khoe,2
1,xỉa,2
1,xưng,2
1,toyota,2
1,giời,2
1,hụi,2
1,lọn,2
1,mạo,2
1,vé,2
1,espresso,2
1,looks,2
1,nude,2
1,nãy,2
1,kate,2
1,chug,2
1,giấc,2
1,www,2
1,bthg,2
1,xỉ,2
1,cợt,2
1,phúc,2
1,ct,2
1,chém,2
1,topic,2
1,vitamin,2
1,swing,2
1,line,2
1,ring,2
1,nhúng,2
1,phố,2
1,thùm,2
1,unica,2
1,lữa,2
1,unit,2
1,chọ,2
1,altis,2
1,túp,2
1,sáo,2
1,vinaphone,2
1,rộ,2
1,luộc,2
1,thuôn,2
1,beucup,2
1,kiểng,2
1,fps,2
1,way,2
1,rồ,2
1,mibox,2
1,bẹt,2
1,lén,2
1,khau,2
1,again,2
1,computer,2
1,vonfram,2
1,orion,2
1,serum,2
1,nhju,2
1,tạn,2
1,xet,2
1,cháu,2
1,nhiet,2
1,cọt,2
1,đói,2
1,less,2
1,bonus,2
1,giôg,2
1,sưởi,2
1,fs,2
1,inspiron,2
1,lua,2
1,dl,2
1,hachi,2
1,trekking,2
1,khiết,2
1,gảy,2
1,paperwhite,2
1,av,2
1,ghimbal,2
1,dít,2
1,nikon,2
1,núi,2
1,hien,2
1,roang,2
1,asanzo,2
1,canada,2
1,quầy,2
1,hiên,2
1,ppi,2
1,gap,2
1,messenger,2
1,ㄏ,2
1,tech,2
1,quick,2
1,amly,2
1,edit,2
1,psi,2
1,ngỏm,2
1,tnhh,2
1,light,2
1,sáp,2
1,dải,2
1,ước,2
1,nhát,2
1,echo,2
1,chẳn,2
1,khiểng,2
1,phì,2
1,androi,2
1,ngừa,2
1,gao,2
1,sad,2
1,apple,2
1,xăm,2
1,moto,2
1,smcpe,2
1,túng,2
1,fit,2
1,huggies,2
1,tgdđ,2
1,black,2
1,hood,2
1,dhc,2
1,rôi,2
1,gam,2
1,medium,2
1,push,2
1,play,2
1,cuckoo,2
1,mưc,2
1,rúm,2
1,vision,2
1,mồm,2
1,râm,2
1,vnđ,2
1,lich,2
1,tốtđóng,2
1,osaka,2
1,youtu,2
1,gm,2
1,ngời,2
1,kin,2
1,sm,2
1,sub,2
1,mng,2
1,mascara,2
1,hhhhhhhh,2
1,bamboo,2
1,latop,2
1,choisce,2
1,cach,2
1,nhằng,2
1,thai,2
1,sáu,2
1,xiếc,2
1,freesize,2
1,filter,2
1,chấ,2
1,nova,2
1,hds,2
1,phèn,2
1,mơi,2
1,rấy,2
1,dộ,2
1,đồn,2
1,xxs,2
1,ray,2
1,chầu,2
1,tran,2
1,cò,2
1,lính,2
1,thơi,2
1,tyce,2
1,róc,2
1,đuợc,2
1,chặc,2
1,trưởng,2
1,huống,2
1,nẩy,2
1,kms,2
1,khứ,2
1,ny,2
1,khắt,2
1,exp,2
1,cơn,2
1,nhiễn,2
1,harder,2
1,yody,2
1,giở,2
1,íchsản,2
1,trụi,2
1,tấc,2
1,đuối,2
1,nóc,2
1,xươ,2
1,xon,2
1,hz,2
1,cừa,2
1,premium,2
1,séc,2
1,moon,2
1,mother,2
1,rét,2
1,auto,2
1,ré,2
1,bư,2
1,deadline,2
1,hoc,2
1,phỏng,2
1,ngoan,2
1,vacuum,2
1,tỉa,2
1,rit,2
1,king,2
1,chạng,2
1,class,2
1,tấu,2
1,caro,2
1,khuấy,2
1,htv,2
1,matcha,2
1,đoan,2
1,nxb,2
1,pigeon,2
1,tencel,2
1,tuyê,2
1,keu,2
1,vđề,2
1,kiêu,2
1,gẩy,2
1,usbc,2
1,luân,2
1,ấu,2
1,input,2
1,lù,2
1,design,2
1,điểu,2
1,inbox,2
1,nhè,2
1,vtc,2
1,nhơn,2
1,evo,2
1,sỏ,2
1,òa,2
1,decal,2
1,yunteng,2
1,trươc,2
1,nháo,2
1,đặn,2
1,hungary,2
1,kẽo,2
1,giãm,2
1,old,2
1,khoing,2
1,cởi,2
1,lờ,2
1,beri,2
1,giấm,2
1,gìn,2
1,chãi,2
1,tưới,2
1,lavabo,2
1,abc,2
1,ultra,2
1,ỏng,2
1,vã,2
1,tỳ,2
1,càn,2
1,device,2
1,toshiba,2
1,ngấn,2
1,haze,2
1,gòi,2
1,ne,2
1,chrome,2
1,khuyễn,2
1,muôn,2
1,slow,2
1,with,2
1,mimo,2
1,ton,2
1,ngủn,2
1,bập,2
1,dũi,2
1,font,2
1,nghẹt,2
1,giảng,2
1,vlog,2
1,style,2
1,hỉ,2
1,freeship,2
1,ngốc,2
1,ap,2
1,title,2
1,mark,2
1,lego,2
1,hàm,2
1,only,2
1,cook,2
1,gieo,2
1,ear,2
1,mói,2
1,thau,2
1,nan,2
1,trèo,2
1,maybelline,2
1,trích,2
1,dead,2
1,đẳng,2
1,lr,2
1,quọ,2
1,qá,2
1,mạn,2
1,uong,2
1,ns,2
1,cloud,2
1,hh,2
1,mả,2
1,nà,2
1,gợn,2
1,oko,2
1,ngòi,2
1,nùi,2
1,aa,2
1,kkkkk,2
1,càu,2
1,fải,2
1,dạn,2
1,gưi,2
1,picare,2
1,pair,2
1,manga,2
1,tiêm,2
1,nhác,2
1,olv,2
1,cn,2
1,teen,2
1,tướng,2
1,bở,2
1,hq,2
1,bia,2
1,zalo,2
1,shoppee,2
1,đay,2
1,trăng,2
1,skinny,2
1,ngô,2
1,quầng,2
1,volang,2
1,fhsm,2
1,cacbon,2
1,nhậy,2
1,suitu,2
1,tuốt,2
1,soc,2
1,thưc,2
1,xiêng,2
1,rờ,2
1,quatest,2
1,nhê,2
1,zipper,2
1,nhưbg,2
1,thối,2
1,xốc,2
1,studio,2
1,nảo,2
1,thùi,2
1,menu,2
1,cót,2
1,quất,2
1,chăc,2
1,wash,2
1,xạ,2
1,mứt,2
1,íu,2
1,mổ,2
1,thốn,2
1,khời,2
1,ര,2
1,mỳ,2
1,rão,2
1,chội,2
1,hẵng,2
1,giử,2
1,giă,2
1,dãy,2
1,displayport,2
1,toái,2
1,vỉa,2
1,demo,2
1,vạng,2
1,đán,2
1,hoạch,2
1,thou,2
1,thoy,2
1,hongg,2
1,hello,2
1,vichy,2
1,firmware,2
1,malaysia,2
1,liễu,2
1,yc,2
1,nhac,2
1,đan,2
1,mx,2
1,dũa,2
1,duoi,2
1,xấp,2
1,nhồi,2
1,number,2
1,deliver,2
1,sdung,2
1,rùa,2
1,nuốt,2
1,okee,2
1,little,2
1,amazon,2
1,cóc,2
1,nghiê,2
1,sám,2
1,bỉ,2
1,phẹc,2
1,xẻng,2
1,kua,2
1,kbone,2
1,mem,2
1,mịt,2
1,dug,2
1,instagram,2
1,angten,2
1,pé,2
1,zalopay,2
1,háng,2
1,thườngdùng,2
1,facebook,2
1,xoẹt,2
1,rông,2
1,receive,2
1,sata,2
1,via,2
1,nhử,2
1,wireless,2
1,ethernet,2
1,iêu,2
1,mao,2
1,trâm,2
1,treb,2
1,đươch,2
1,xuân,2
1,dồi,2
1,ngộ,2
1,luợng,2
1,zie,2
1,ver,2
1,thunderbolt,2
1,mgg,2
1,nut,2
1,luật,2
1,thò,2
1,ping,2
1,inches,2
1,nhảo,2
1,keto,2
1,connect,2
1,typec,2
1,gdmss,2
1,gộp,2
1,lối,2
1,phâmr,2
1,vag,2
1,binhthuing,2
1,tẹp,2
1,tuôn,2
1,vát,2
1,vol,2
1,khatoco,2
1,choàng,2
1,hôn,2
1,rởm,2
1,xâu,2
1,đỏi,2
1,bưởi,2
1,chần,2
1,xuô,2
1,mười,2
1,sport,2
1,trỏ,2
1,giận,2
1,múc,2
1,thgian,2
1,乁,2
1,vis,2
1,tẩm,2
1,dut,2
1,casper,2
1,luồng,2
1,version,2
1,fadil,2
1,lots,2
1,khồng,2
1,casio,2
1,szai,2
1,xâ,2
1,built,2
1,item,2
1,adayroi,2
1,tớ,2
1,there,2
1,ôc,2
1,yv,2
1,lự,2
1,nhua,2
1,chuyê,2
1,cạy,2
1,my,2
1,măng,2
1,zui,2
1,tăn,2
1,khôi,2
1,tuyên,2
1,kkkkkkkkkkkkkk,2
1,tươm,2
1,jan,2
1,lia,2
1,đì,2
1,photo,2
1,thớt,2
1,xxcm,2
1,ngóng,2
1,gữi,2
1,lách,2
1,khàng,2
1,gở,2
1,lượn,2
1,linux,2
1,setting,2
1,lãnh,2
1,zenbook,2
1,trũng,2
1,when,2
1,canifa,2
1,đuờng,2
1,tuồn,2
1,airpods,2
1,ech,2
1,thụt,2
1,đạo,2
1,cardin,2
1,lc,2
1,biện,2
1,rễ,2
1,oval,2
1,đki,2
1,vuột,2
1,nap,2
1,qui,2
1,too,2
1,bờm,2
1,have,2
1,tiu,2
1,chíp,2
1,ravmv,2
1,thiếc,2
1,fahasa,2
1,rờm,2
1,nhứt,2
1,kêt,2
1,bấy,2
1,accent,2
1,hèn,2
1,nhếch,2
1,riết,2
1,cs,2
1,wax,2
1,aha,2
1,trl,2
1,mẫn,2
1,tuyền,2
1,sanh,2
1,mbgs,2
1,gimbal,2
1,sort,2
1,khẳng,2
1,gừng,2
1,tít,2
1,giò,2
1,big,2
1,khiê,2
1,đẻ,2
1,water,2
1,hụ,2
1,sứng,2
1,nhợ,2
1,thiêu,2
1,gá,2
1,vch,2
1,iron,2
1,buy,2
1,răn,2
1,lv,2
1,working,2
1,iso,2
1,hichic,2
1,mst,2
1,guao,2
1,ngẫm,2
1,lắt,2
1,thố,2
1,nhă,2
1,basic,2
1,wd,2
1,hóp,2
1,rọi,2
1,dạt,2
1,tm,2
1,triều,2
1,toà,2
1,éo,2
1,naog,2
1,sneaker,2
1,rủ,2
1,chiêu,2
1,rumani,2
1,tat,2
1,gầu,2
1,hem,2
1,ă,2
1,vicero,2
1,gioa,2
1,phoenix,2
1,sandwich,2
1,watch,2
1,xoăn,2
1,ngoe,2
1,dà,2
1,thập,2
1,trọi,2
1,xức,2
1,thix,2
1,vọc,2
1,thỏi,2
1,hổi,2
1,tạmđược,2
1,nạy,2
1,phia,2
1,ó,2
1,dội,2
1,hào,2
1,ugreen,2
1,đố,2
1,phíc,2
1,rào,2
1,dăm,2
1,nhây,2
1,kieu,2
1,indonesia,2
1,fine,2
1,hdv,2
1,vội,2
1,arm,2
1,map,2
1,make,2
1,backpack,2
1,mước,2
1,đốc,2
1,kềm,2
1,auth,2
1,lằng,2
1,hikvision,2
1,kỵ,2
1,pát,2
1,oppo,2
1,cw,2
1,bthuong,2
1,headphone,2
1,hhhhh,2
1,quậy,2
1,ngắm,2
1,oral,2
1,thiển,2
1,quẹo,2
1,wf,2
1,misu,2
1,osho,2
1,trồng,2
1,khoong,2
1,bnbg,2
1,híc,2
1,sít,2
1,khs,2
1,delivery,2
1,jv,2
1,khôbg,2
1,chỏ,2
1,kít,2
1,hangf,2
1,sezi,2
1,bế,2
1,tièn,2
1,ngen,2
1,pvc,2
1,bulong,2
1,display,2
1,vẵn,2
1,pay,2
1,lở,2
1,laroche,2
1,price,1
1,gjống,1
1,jjjj,1
1,hảnh,1
1,hjhj,1
1,đựowc,1
1,kdkdkd,1
1,resheet,1
1,hihihihihihihihih,1
1,dựt,1
1,gbps,1
1,loạivien,1
1,shi,1
1,nồm,1
1,ttckvn,1
1,xược,1
1,gua,1
1,shocku,1
1,ahuhuu,1
1,nhoeen,1
1,bij,1
1,ks,1
1,dsax,1
1,ezeviz,1
1,lumg,1
1,ú,1
1,tom,1
1,ivy,1
1,garmin,1
1,dăt,1
1,honhf,1
1,hẻm,1
1,smartwatch,1
1,nướngtjif,1
1,sua,1
1,nhằn,1
1,vliz,1
1,rowell,1
1,hốt,1
1,vlzkrzjzfkxlbzvkzkzgkzkgzkzgl,1
1,uko,1
1,trệt,1
1,ngói,1
1,oil,1
1,bam,1
1,outlet,1
1,bưng,1
1,iijvg,1
1,gù,1
1,release,1
1,figured,1
1,thg,1
1,intuos,1
1,trigger,1
1,đb,1
1,dimetyl,1
1,lcd,1
1,okokokokokoko,1
1,lắmkkkk,1
1,tràng,1
1,malfunction,1
1,quải,1
1,soco,1
1,phomai,1
1,lã,1
1,crazy,1
1,túinhưng,1
1,ht,1
1,nhách,1
1,gông,1
1,passing,1
1,hẹo,1
1,trược,1
1,cề,1
1,buying,1
1,keop,1
1,autu,1
1,đepj,1
1,chưi,1
1,khăng,1
1,midocter,1
1,lưowngk,1
1,bằm,1
1,nhún,1
1,trờ,1
1,sấc,1
1,quuết,1
1,jsjsjhsbbfnndndndnbdbd,1
1,há,1
1,xẫm,1
1,chấy,1
1,rực,1
1,tvbkkkucbnjgfgjjjjjkkkkjn,1
1,buốt,1
1,dabaolabinhthuongmacubatnguoitadanhgianhieuchulasaochu,1
1,laser,1
1,pick,1
1,lavie,1
1,hdkgldjkfofkbdkktnsjkfjfnndngkkfkfkrnerjfk,1
1,baking,1
1,hhhhhhh,1
1,khóm,1
1,khìn,1
1,địng,1
1,chót,1
1,qcaio,1
1,gút,1
1,bdjsjdjjs,1
1,chína,1
1,beat,1
1,đwpj,1
1,ydbkbhctd,1
1,blutuuch,1
1,need,1
1,binnh,1
1,cartric,1
1,okkkk,1
1,daikin,1
1,ngjix,1
1,rổng,1
1,dia,1
1,compact,1
1,sọ,1
1,wrist,1
1,jhchdj,1
1,kdekwks,1
1,lụi,1
1,chò,1
1,chóp,1
1,log,1
1,nai,1
1,ken,1
1,looking,1
1,lếu,1
1,gọt,1
1,roong,1
1,vậ,1
1,wê,1
1,khỏ,1
1,found,1
1,lậu,1
1,prc,1
1,hờ,1
1,giỡ,1
1,dz,1
1,cữ,1
1,tuoc,1
1,obviously,1
1,radom,1
1,cẳng,1
1,sluong,1
1,vạt,1
1,oy,1
1,gộc,1
1,nhie,1
1,khựng,1
1,nhèm,1
1,sheets,1
1,kệch,1
1,quyện,1
1,chuôt,1
1,nứ,1
1,halogen,1
1,huơ,1
1,tườn,1
1,hjjjjjjjjjg,1
1,step,1
1,catalina,1
1,artbook,1
1,lăc,1
1,laoị,1
1,đác,1
1,ủm,1
1,rs,1
1,ahjhj,1
1,ươn,1
1,đượv,1
1,vsp,1
1,jim,1
1,ksao,1
1,sugar,1
1,siz,1
1,châtd,1
1,ghtk,1
1,quyê,1
1,kienge,1
1,qủa,1
1,villa,1
1,mĩnh,1
1,nge,1
1,sông,1
1,zời,1
1,op,1
1,err,1
1,thôu,1
1,mira,1
1,vạy,1
1,rạt,1
1,đùm,1
1,catton,1
1,chatluong,1
1,đơnnhân,1
1,võ,1
1,tìh,1
1,quỵt,1
1,hcxzgk,1
1,chịt,1
1,khồn,1
1,xaid,1
1,dích,1
1,hịn,1
1,trỏng,1
1,dsd,1
1,tổi,1
1,hanvf,1
1,trấng,1
1,cốp,1
1,shipeper,1
1,sto,1
1,mót,1
1,okokokokokokokokokokokokokokokok,1
1,mom,1
1,funhd,1
1,jzz,1
1,pano,1
1,leng,1
1,đơi,1
1,charging,1
1,đâù,1
1,tiger,1
1,tocd,1
1,cmn,1
1,puretube,1
1,lllllllllllllllllllllll,1
1,xẻ,1
1,hyperfocus,1
1,ipass,1
1,ruối,1
1,fo,1
1,gplx,1
1,sịp,1
1,unilever,1
1,yd,1
1,conveser,1
1,khán,1
1,___,1
1,milong,1
1,suc,1
1,tành,1
1,đợc,1
1,vảy,1
1,đuoejc,1
1,bunhf,1
1,zcon,1
1,sụng,1
1,ủn,1
1,hunterx,1
1,molten,1
1,pas,1
1,tháiaf,1
1,trêu,1
1,phươt,1
1,doăng,1
1,thìa,1
1,chạp,1
1,haizzzz,1
1,púa,1
1,buồng,1
1,pơ,1
1,xẩy,1
1,nch,1
1,coldsteel,1
1,lũng,1
1,nhãng,1
1,aures,1
1,xãi,1
1,savato,1
1,hử,1
1,sjsjjakoaiaabbaha,1
1,will,1
1,phipper,1
1,dụi,1
1,dề,1
1,xfmxzjkff,1
1,sin,1
1,hb,1
1,lazer,1
1,cloudy,1
1,western,1
1,asobu,1
1,mến,1
1,zhjjjsnej,1
1,faafn,1
1,etanol,1
1,cl,1
1,alô,1
1,nghế,1
1,trịch,1
1,quạu,1
1,steam,1
1,what,1
1,rgba,1
1,đuýt,1
1,lp,1
1,broken,1
1,việtnam,1
1,mẩy,1
1,rì,1
1,quéo,1
1,doãi,1
1,tamayoko,1
1,nũa,1
1,đóm,1
1,luu,1
1,oknsjjsjssjsjshs,1
1,vũ,1
1,tennis,1
1,rgb,1
1,giáy,1
1,iejjsjsldldndjdjd,1
1,thii,1
1,kahs,1
1,pcie,1
1,thiông,1
1,thìkhông,1
1,dặp,1
1,demote,1
1,thẳg,1
1,point,1
1,đượcmaf,1
1,ỡ,1
1,dolby,1
1,wn,1
1,luỡi,1
1,hjlbc,1
1,thp,1
1,mieng,1
1,sizeee,1
1,gán,1
1,xuốt,1
1,pen,1
1,dế,1
1,sphẩm,1
1,mog,1
1,kkkkkkkkkkkkkjkjjjjj,1
1,sunh,1
1,tuýt,1
1,nề,1
1,ttong,1
1,nhổ,1
1,àk,1
1,chiêm,1
1,thuỳ,1
1,đibdc,1
1,kongr,1
1,ccccc,1
1,kkkkmkmmmmmnnnbbvccccvvnnjjj,1
1,concung,1
1,vivomall,1
1,jeneieb,1
1,drap,1
1,speedo,1
1,tuot,1
1,cmos,1
1,ahuhuuuuu,1
1,shield,1
1,ix,1
1,suze,1
1,phạch,1
1,indo,1
1,xút,1
1,hihih,1
1,thuyên,1
1,bhhyt,1
1,goodle,1
1,khieng,1
1,shup,1
1,tiy,1
1,luoi,1
1,múôn,1
1,aaaaaaaaaaaaaaaaaaaaaaaaaaaaaaaaaaaaaaaaaaaaaaaaaaaaaaaaaaaaaaaaaaaaaaaaaaaaaaaaaaaaaaaaaaaaaaaaaaaaaaaaaaaaaaaaaaaaaaaaaaaaaaaaaaaaaaaaaaaaaaaaaaaaaaaaaaaaaaaaaaaaaaaaaa,1
1,lamm,1
1,lllllllllllllllllllll,1
1,canvas,1
1,sưỡc,1
1,had,1
1,delay,1
1,lưc,1
1,qai,1
1,hấy,1
1,eur,1
1,thòng,1
1,lườm,1
1,khss,1
1,àm,1
1,thuongfghbbjnjjknnnnn,1
1,ahihijijo,1
1,thườg,1
1,market,1
1,chuew,1
1,trẩu,1
1,ắt,1
1,deu,1
1,noise,1
1,đoá,1
1,đận,1
1,sỉ,1
1,lộm,1
1,rating,1
1,gie,1
1,nhânh,1
1,muống,1
1,serie,1
1,nghét,1
1,khôngbđược,1
1,quon,1
1,ghgggjjjjkkkkk,1
1,iếu,1
1,tungcua,1
1,diều,1
1,very,1
1,mơia,1
1,jinh,1
1,hfajjgaoiavvakjzvskwvks,1
1,campuchia,1
1,phang,1
1,ừ,1
1,hermingway,1
1,múi,1
1,ahop,1
1,phẩ,1
1,đẳt,1
1,bách,1
1,cable,1
1,phít,1
1,okokokookokojl,1
1,nhựoc,1
1,kon,1
1,anyway,1
1,pan,1
1,stoic,1
1,sky,1
1,lươjng,1
1,gach,1
1,kvcgxhxffjzmcmvzgmzfjzfjfzm,1
1,buối,1
1,liểu,1
1,chibi,1
1,nrrh,1
1,đua,1
1,hhc,1
1,tron,1
1,nhâm,1
1,xoàng,1
1,toét,1
1,phụt,1
1,thoii,1
1,quant,1
1,soạn,1
1,friso,1
1,cpuz,1
1,hàngdung,1
1,gx,1
1,spiderman,1
1,kja,1
1,sụt,1
1,týp,1
1,dụn,1
1,tráo,1
1,nám,1
1,ge,1
1,chúi,1
1,dôi,1
1,quớt,1
1,tloi,1
1,chắ,1
1,oknakkakbskqkqbsjakqomdmnan,1
1,djnd,1
1,elcb,1
1,dàiiiiiiiiii,1
1,hdjsksjbsbsjsi,1
1,ới,1
1,show,1
1,grey,1
1,chilly,1
1,xỉu,1
1,điẻm,1
1,zậy,1
1,toanh,1
1,viec,1
1,xan,1
1,ply,1
1,níu,1
1,ràm,1
1,jxjvyxyvj,1
1,cnc,1
1,gfdujj,1
1,đượ,1
1,laoij,1
1,hidden,1
1,cũbg,1
1,sxuất,1
1,tuoi,1
1,fkifkvk,1
1,intenert,1
1,figure,1
1,khien,1
1,đẽ,1
1,tốtko,1
1,ạnh,1
1,chậu,1
1,vivi,1
1,tronh,1
1,nhít,1
1,nhaf,1
1,unplug,1
1,nồ,1
1,bệch,1
1,thạnks,1
1,sweeping,1
1,cấy,1
1,xãy,1
1,nnsnnb,1
1,extend,1
1,coupon,1
1,lẹm,1
1,muji,1
1,pthiết,1
1,hazz,1
1,hinbf,1
1,đôitra,1
1,poode,1
1,mẵ,1
1,ẹc,1
1,nghen,1
1,ccd,1
1,bio,1
1,react,1
1,okamoto,1
1,sheet,1
1,dont,1
1,know,1
1,kbvision,1
1,hạnh,1
1,khía,1
1,laze,1
1,kfkdkk,1
1,găn,1
1,ctrai,1
1,dzay,1
1,navinal,1
1,any,1
1,oceee,1
1,tạc,1
1,server,1
1,tría,1
1,gidon,1
1,lựdhcnncckds,1
1,cốm,1
1,kkbnmmananabasb,1
1,xửu,1
1,thè,1
1,giỏi,1
1,gpu,1
1,pd,1
1,dỗm,1
1,kn,1
1,cợn,1
1,kkkkkkkll,1
1,tút,1
1,ofset,1
1,rom,1
1,cuoc,1
1,hardback,1
1,tuyet,1
1,vòn,1
1,mé,1
1,bới,1
1,abs,1
1,evashop,1
1,bambo,1
1,vvxxnn,1
1,http,1
1,totnnvvkkhc,1
1,đjiduf,1
1,jajhhbnwjjsnsnsbuwjw,1
1,thênh,1
1,ngùi,1
1,chanel,1
1,vanilla,1
1,đuong,1
1,expect,1
1,feeship,1
1,gerber,1
1,đật,1
1,backlight,1
1,phôm,1
1,hghi,1
1,vawcjkkkjjjkjjjjj,1
1,ngúa,1
1,xutijđgi,1
1,thượm,1
1,lúm,1
1,chây,1
1,bộp,1
1,nênh,1
1,inh,1
1,bều,1
1,chĩnh,1
1,đợ,1
1,ninjavan,1
1,quáaa,1
1,tuâ,1
1,tikicare,1
1,roj,1
1,diwidngosxnbcnfkaxn,1
1,soay,1
1,caramel,1
1,sắn,1
1,vfvrvdvrvrvrvrvrvdvdvdvdvwf,1
1,thôn,1
1,youth,1
1,khư,1
1,ngáy,1
1,dugf,1
1,hahaaaaaaaaaa,1
1,đơth,1
1,dóng,1
1,caselogic,1
1,dyi,1
1,ọt,1
1,gắp,1
1,cuô,1
1,thởi,1
1,edena,1
1,drum,1
1,tayy,1
1,soda,1
1,hể,1
1,block,1
1,mmnmmmmmmmmmmm,1
1,đgoi,1
1,maybeline,1
1,wanted,1
1,thaks,1
1,nhịp,1
1,gggggoooodooi,1
1,keó,1
1,kgông,1
1,gườ,1
1,xsm,1
1,husky,1
1,dùngf,1
1,attrage,1
1,reply,1
1,uuvh,1
1,nhiêt,1
1,tóp,1
1,jjejejjejejejejej,1
1,ze,1
1,touchscreen,1
1,fjfkfkf,1
1,red,1
1,silver,1
1,đcgiao,1
1,nặn,1
1,kên,1
1,hững,1
1,en,1
1,fone,1
1,aqua,1
1,tieu,1
1,okokokokokokokokokok,1
1,vìmà,1
1,nhặt,1
1,blutooth,1
1,kingmax,1
1,hhhjjsvhjjfghjjj,1
1,ckáy,1
1,jvufmymxuj,1
1,sỡ,1
1,rằg,1
1,xip,1
1,tấp,1
1,titan,1
1,dndjhđ,1
1,nhắm,1
1,thúi,1
1,pre,1
1,yyyyyyyyyyyyyyyy,1
1,dùn,1
1,xp,1
1,khut,1
1,nvay,1
1,lele,1
1,quỳnh,1
1,bnc,1
1,games,1
1,kề,1
1,dũng,1
1,biti,1
1,nchug,1
1,nhuyê,1
1,everon,1
1,lững,1
1,share,1
1,cáy,1
1,phành,1
1,luot,1
1,hđh,1
1,aplus,1
1,chuộc,1
1,sụa,1
1,khùng,1
1,use,1
1,hahaha,1
1,cookbook,1
1,ợp,1
1,rach,1
1,batman,1
1,vnpt,1
1,choice,1
1,okei,1
1,vưa,1
1,poe,1
1,vảng,1
1,khubg,1
1,ngôi,1
1,rũ,1
1,ask,1
1,phẫu,1
1,haz,1
1,xòa,1
1,khỏang,1
1,quạ,1
1,ql,1
1,nhẩm,1
1,tt_tt,1
1,qtrình,1
1,zọng,1
1,koda,1
1,coocaa,1
1,truyê,1
1,nghuyên,1
1,brown,1
1,bái,1
1,cost,1
1,xàm,1
1,bida,1
1,dụg,1
1,heis,1
1,chill,1
1,dãi,1
1,rậm,1
1,duioc,1
1,ttttttttt,1
1,vr,1
1,òm,1
1,hep,1
1,sụp,1
1,vĩnh,1
1,dẩn,1
1,nzz,1
1,xá,1
1,chuản,1
1,blu,1
1,kabekejenemejshebekejwhwbwkeiebenensnsnzksjbsnskwsjs,1
1,au,1
1,charme,1
1,phèo,1
1,vut,1
1,icheck,1
1,thuog,1
1,bềnnhay,1
1,backpacks,1
1,kalite,1
1,repair,1
1,site,1
1,yummy,1
1,chưởng,1
1,nịch,1
1,pmáy,1
1,sừng,1
1,ngớ,1
1,đeop,1
1,nagwsn,1
1,mico,1
1,cr,1
1,nụ,1
1,chyế,1
1,toẹt,1
1,mksnsjb,1
1,yaour,1
1,liqui,1
1,thuô,1
1,lưowngn,1
1,chuẩnm,1
1,vega,1
1,ỏn,1
1,humano,1
1,dứoi,1
1,dubgf,1
1,rộc,1
1,đũa,1
1,short,1
1,nghê,1
1,thiẹn,1
1,okla,1
1,schop,1
1,hifnh,1
1,cặpvs,1
1,màtính,1
1,khộng,1
1,trô,1
1,chảu,1
1,nhưạ,1
1,hày,1
1,sayo,1
1,lbftogt_pi,1
1,dử,1
1,đườhg,1
1,shock,1
1,cẫn,1
1,thuòng,1
1,mid,1
1,nđ,1
1,lượmg,1
1,hù,1
1,khướu,1
1,thag,1
1,dâm,1
1,fjfjfkff,1
1,hard,1
1,bắng,1
1,包转真仔细,1
1,reo,1
1,băm,1
1,đág,1
1,cntb,1
1,oánh,1
1,què,1
1,rin,1
1,sjasjdnwsoskwkqowllwlwwkkwnsnsnsnwjji,1
1,mấp,1
1,âng,1
1,vcb,1
1,phec,1
1,jkjjkk,1
1,ngụm,1
1,wakeup,1
1,hữa,1
1,ró,1
1,giaoe,1
1,ngin,1
1,tiêta,1
1,skeim,1
1,lw,1
1,sizze,1
1,hdr,1
1,trua,1
1,phiá,1
1,dhndnfhdndjxxncncn,1
1,chõng,1
1,initialize,1
1,chiuj,1
1,xxxl,1
1,hoành,1
1,complaint,1
1,đuic,1
1,cuồn,1
1,nkju,1
1,itdkyrekrskekrekekyrekrskyrekremyrskyrekyrekwjyrskyrshfmxykrekyrskyrektd,1
1,hỡ,1
1,bèn,1
1,cü,1
1,chita,1
1,bih,1
1,electronic,1
1,everything,1
1,giăng,1
1,dou,1
1,kernel,1
1,bại,1
1,ngỏ,1
1,mẫm,1
1,vlon,1
1,rãy,1
1,dòm,1
1,cafee,1
1,idigo,1
1,ối,1
1,nox,1
1,sâm,1
1,thom,1
1,camr,1
1,mario,1
1,btt,1
1,maxsa,1
1,giốg,1
1,cchưa,1
1,sxuat,1
1,rt,1
1,camo,1
1,nacl,1
1,hjhjhhhhhhhhhhhhhhhh,1
1,ngựơc,1
1,hhhbbbbbbbbbbbbbbbbbbbbbbbb,1
1,dngj,1
1,pts,1
1,nguyen,1
1,cgai,1
1,bợt,1
1,thạo,1
1,bjt,1
1,okela,1
1,hơnk,1
1,editon,1
1,dcnhỏ,1
1,loằng,1
1,battery,1
1,toạ,1
1,uu,1
1,dsứng,1
1,kiều,1
1,sana,1
1,tôta,1
1,ttang,1
1,tựu,1
1,nứa,1
1,nkưng,1
1,tkoi,1
1,hôp,1
1,bach,1
1,hangd,1
1,tảy,1
1,chiwa,1
1,muội,1
1,lffdzdcuc,1
1,ahahhahdjdjnzns,1
1,hg,1
1,promotion,1
1,mải,1
1,wnn,1
1,foter,1
1,ssku,1
1,ctr,1
1,ưỡng,1
1,phillip,1
1,ngap,1
1,functions,1
1,emoji,1
1,bêb,1
1,sat,1
1,kxklgxlhdgwursfkxhk,1
1,hydroxyl,1
1,sensor,1
1,lunn,1
1,lọck,1
1,romance,1
1,chậmmmmmmmm,1
1,đag,1
1,chax,1
1,boya,1
1,cellphones,1
1,_haizzz,1
1,xk,1
1,paul,1
1,nhom,1
1,hường,1
1,improve,1
1,hẫu,1
1,đặng,1
1,chup,1
1,edition,1
1,kìa,1
1,cucng,1
1,cleasing,1
1,moitj,1
1,jjwjwjjejebcj,1
1,char,1
1,nhưq,1
1,tnbs,1
1,cành,1
1,boxes,1
1,khôngchac,1
1,dẫy,1
1,console,1
1,mén,1
1,smartthings,1
1,khục,1
1,thểm,1
1,hợm,1
1,collins,1
1,thãi,1
1,xprinter,1
1,ips,1
1,kà,1
1,saoooooooooooooooooooooooooooooooooooooooooooooooo,1
1,mjh,1
1,divhj,1
1,jelly,1
1,thă,1
1,volt,1
1,mackbook,1
1,phap,1
1,silcot,1
1,xuẩn,1
1,loss,1
1,dseer,1
1,fe,1
1,roaming,1
1,thên,1
1,serving,1
1,if,1
1,kiểuaos,1
1,đờ,1
1,bordeaux,1
1,giỡn,1
1,vhuaw,1
1,kồng,1
1,coz,1
1,gf,1
1,gtfhj,1
1,quayi,1
1,aeon,1
1,expensive,1
1,inova,1
1,dẽo,1
1,dlellll,1
1,đui,1
1,icon,1
1,ran,1
1,khonh,1
1,babsbshz,1
1,axit,1
1,ctrl,1
1,đùa,1
1,cứa,1
1,dp,1
1,trấu,1
1,ẻm,1
1,okoko,1
1,told,1
1,vnd,1
1,chie,1
1,rkx,1
1,codn,1
1,bnbxjdjdjejejjejdjfjdjejwjjwjwhs,1
1,úng,1
1,nhăng,1
1,rượt,1
1,thuờg,1
1,sec,1
1,bửa,1
1,vhịu,1
1,rv,1
1,nhbbbhu,1
1,uhs,1
1,how,1
1,dóc,1
1,mkns,1
1,núc,1
1,méobzbzbzbzbzbzbsbsbbs,1
1,packaging,1
1,master,1
1,vsattp,1
1,nhạp,1
1,tră,1
1,sitaki,1
1,khoonh,1
1,cảo,1
1,xuốg,1
1,khiễng,1
1,aki,1
1,zu,1
1,mxkx,1
1,jjkkkknhu,1
1,dõ,1
1,airpod,1
1,tánh,1
1,dualshock,1
1,sasung,1
1,furniture,1
1,谢谢,1
1,fair,1
1,park,1
1,giáp,1
1,thiˋok,1
1,fx,1
1,bus,1
1,tho,1
1,haizzzzzzzzzzzzzzzzzzz,1
1,mxcm,1
1,nung,1
1,outsource,1
1,wen,1
1,trieu,1
1,kiẹn,1
1,voing,1
1,đệp,1
1,hingdsafdsfffffffffff,1
1,adibibkvncgzsgl,1
1,tpcn,1
1,cungnx,1
1,dắt,1
1,jk,1
1,axn,1
1,toc,1
1,guess,1
1,nhk,1
1,paperback,1
1,kki,1
1,ipone,1
1,slimfit,1
1,sennko,1
1,hoảng,1
1,yế,1
1,súp,1
1,quality,1
1,os,1
1,lãi,1
1,qụat,1
1,firstnew,1
1,ahhahahahahshshsbhshshsjsns,1
1,xbxbnxxbxbxbxbxb,1
1,tie,1
1,tet,1
1,hoại,1
1,thự,1
1,reivew,1
1,beatvn,1
1,khoé,1
1,đènn,1
1,building,1
1,hơt,1
1,thảo,1
1,kaoaksnakak,1
1,vêt,1
1,lóp,1
1,chẩt,1
1,ultrasharp,1
1,fullhd,1
1,vaoo,1
1,máng,1
1,compac,1
1,thks,1
1,pad,1
1,àgiv,1
1,nhộn,1
1,cherry,1
1,hây,1
1,nguon,1
1,vuong,1
1,giad,1
1,phammemchinhhang,1
1,nhéc,1
1,dateline,1
1,rầy,1
1,manager,1
1,pop,1
1,dột,1
1,koi,1
1,trắc,1
1,tc,1
1,sada,1
1,đỏng,1
1,kaloqkqjqbs,1
1,xncmclsksnw,1
1,caosu,1
1,player,1
1,giè,1
1,xiền,1
1,xiet,1
1,zị,1
1,nestle,1
1,gốp,1
1,land,1
1,abcxkwiđnwndfnfrdkwjsndnfd,1
1,dsc,1
1,shoppppp,1
1,envy,1
1,vũng,1
1,vape,1
1,sớt,1
1,thuớc,1
1,mâũ,1
1,giau,1
1,condition,1
1,vinagiay,1
1,tplink,1
1,hắn,1
1,vlllllllllllllllllllllllll,1
1,mag,1
1,cưỡng,1
1,palm,1
1,zzzzzzzzzzzzzzzz,1
1,kù,1
1,remonte,1
1,sweeper,1
1,tép,1
1,ptz,1
1,kgias,1
1,khuyen,1
1,đén,1
1,ngợm,1
1,deco,1
1,sjsjkshskakja,1
1,ctn,1
1,rải,1
1,jbdbbdbđbbdzz,1
1,mìnhhàng,1
1,khôgn,1
1,items,1
1,tảo,1
1,vnbt,1
1,bravia,1
1,ổi,1
1,zác,1
1,nhoi,1
1,đvs,1
1,sedan,1
1,laka,1
1,hĩ,1
1,meinaili,1
1,bonh,1
1,cụm,1
1,vspc,1
1,mòi,1
1,sufox,1
1,fk,1
1,pixels,1
1,mătn,1
1,thừóng,1
1,oulanshi,1
1,càe,1
1,phở,1
1,khuyê,1
1,eatclean,1
1,lẹp,1
1,ttđm,1
1,winstar,1
1,bươm,1
1,nộ,1
1,cacton,1
1,vnpost,1
1,sing,1
1,lây,1
1,fhs,1
1,perfect,1
1,hayyyyyyyyyyyyyyyyy,1
1,smsbsbsbshdkedn,1
1,ukm,1
1,hỏm,1
1,yem,1
1,trônh,1
1,vvvvvvvvvvvvv,1
1,croptop,1
1,aux,1
1,shap,1
1,sccgfvgtvrdy,1
1,àdapter,1
1,sùm,1
1,papers,1
1,sync,1
1,xxccxxcccc,1
1,kaka,1
1,ngủi,1
1,sampool,1
1,td,1
1,khuẩn,1
1,same,1
1,đecal,1
1,motip,1
1,yousee,1
1,kp,1
1,lụm,1
1,huỏng,1
1,gigabit,1
1,dance,1
1,jfkdksbdkslekd,1
1,wasn,1
1,vp,1
1,nutrifood,1
1,daz,1
1,họng,1
1,maayanhjp,1
1,tĩu,1
1,then,1
1,thap,1
1,bich,1
1,hack,1
1,xao,1
1,kl,1
1,hàii,1
1,trịnh,1
1,khóe,1
1,pavilion,1
1,trsmmmmmmmmm,1
1,mìnhok,1
1,khoi,1
1,iiiiiiiiiiiiii,1
1,lead,1
1,kgas,1
1,baonam,1
1,nằn,1
1,toot,1
1,rfmm,1
1,túthko,1
1,rather,1
1,kahcs,1
1,khxzsg,1
1,rục,1
1,luongj,1
1,katz,1
1,offical,1
1,thuch,1
1,siza,1
1,soundbar,1
1,serclec,1
1,hấu,1
1,napoli,1
1,nguậy,1
1,chuô,1
1,vdc,1
1,xệt,1
1,rũa,1
1,giục,1
1,dareu,1
1,initialized,1
1,baoo,1
1,wow,1
1,nsd,1
1,qman,1
1,loá,1
1,vk,1
1,trớt,1
1,ră,1
1,hopej,1
1,acid,1
1,tạmtạm,1
1,kih,1
1,đâp,1
1,duỗi,1
1,paint,1
1,mìnhbthaays,1
1,pasted,1
1,nescafe,1
1,tẹt,1
1,apps,1
1,rimote,1
1,mơn,1
1,choá,1
1,ergonomic,1
1,cdm,1
1,liệm,1
1,chóc,1
1,thit,1
1,viêc,1
1,đí,1
1,mđt,1
1,víc,1
1,bibhf,1
1,ssk,1
1,thvl,1
1,ouf,1
1,vinfast,1
1,fgljdguvjvlbđjxkyxlhkhuxkcyxjvkjlcjfzlhckbm,1
1,ghồ,1
1,mịe,1
1,qutr,1
1,chụo,1
1,shipped,1
1,lơi,1
1,haǹg,1
1,self,1
1,well,1
1,nực,1
1,quàng,1
1,dashcam,1
1,thưowngg,1
1,gdth,1
1,csbh,1
1,ʖ,1
1,saiz,1
1,đúa,1
1,cowx,1
1,nhưa,1
1,ccxlckxldid,1
1,dsujc,1
1,xính,1
1,cuả,1
1,khứa,1
1,lawms,1
1,bop,1
1,ngâ,1
1,kbview,1
1,realme,1
1,hãm,1
1,mệnh,1
1,uhm,1
1,shoppp,1
1,mưu,1
1,sẹp,1
1,eng,1
1,thươc,1
1,deep,1
1,tệp,1
1,shoes,1
1,thướt,1
1,phụng,1
1,rấ,1
1,nột,1
1,catalog,1
1,xế,1
1,còm,1
1,vnpay,1
1,miếg,1
1,pythago,1
1,ensure,1
1,haccp,1
1,giễu,1
1,eco,1
1,tọt,1
1,maximum,1
1,khinh,1
1,between,1
1,gày,1
1,múa,1
1,ngư,1
1,thậ,1
1,vtot,1
1,put,1
1,ghỉ,1
1,nêb,1
1,cáobchfjfjjfjfjfnnfnfnfnnfjfjfjgjjf,1
1,muaốc,1
1,zbra,1
1,sỏi,1
1,vớibtay,1
1,hands,1
1,tht,1
1,its,1
1,huhuuuu,1
1,bẩb,1
1,luyến,1
1,nhay,1
1,function,1
1,mề,1
1,meet,1
1,hách,1
1,skin,1
1,gcl,1
1,giãy,1
1,ắc,1
1,lloa,1
1,_black,1
1,hihihi,1
1,kị,1
1,gị,1
1,isus,1
1,guoc,1
1,ace,1
1,taiwan,1
1,lrn,1
1,axis,1
1,càm,1
1,fail,1
1,dy,1
1,nhunge,1
1,hso,1
1,typing,1
1,chượt,1
1,hễ,1
1,oxyled,1
1,ghinh,1
1,andes,1
1,loáng,1
1,locker,1
1,vđc,1
1,bèm,1
1,kingston,1
1,crack,1
1,phỉa,1
1,ksbx,1
1,nhông,1
1,wiska,1
1,tecsun,1
1,thét,1
1,forn,1
1,lể,1
1,remot,1
1,sọt,1
1,mãu,1
1,đuowcj,1
1,jcsn,1
1,yt,1
1,rêpater,1
1,giaohang,1
1,xọn,1
1,gvj,1
1,mặvc,1
1,supports,1
1,mart,1
1,diệu,1
1,hênh,1
1,nín,1
1,mach,1
1,src,1
1,puzo,1
1,đddd,1
1,chùng,1
1,chách,1
1,phường,1
1,đọ,1
1,recomend,1
1,anc,1
1,bf,1
1,benwf,1
1,sếp,1
1,nhọc,1
1,kím,1
1,concealer,1
1,gơ,1
1,chịp,1
1,hoaabipha,1
1,xah,1
1,chiemtaimobile,1
1,vct,1
1,sick,1
1,môg,1
1,toj,1
1,mặthoa,1
1,volum,1
1,đẫn,1
1,prostar,1
1,xă,1
1,giu,1
1,beé,1
1,đượt,1
1,cxs,1
1,useless,1
1,scan,1
1,ỉa,1
1,hbbbvccbhhhf,1
1,ngoằng,1
1,products,1
1,váng,1
1,senko,1
1,nướu,1
1,hiem,1
1,ạm,1
1,ngạt,1
1,kkkkkkkk,1
1,quite,1
1,ngữa,1
1,dánkhas,1
1,nẫu,1
1,hồm,1
1,gôc,1
1,hs,1
1,nahimic,1
1,zis,1
1,nhoe,1
1,giât,1
1,logi,1
1,nhẹp,1
1,giốnh,1
1,nhùng,1
1,dọa,1
1,sjop,1
1,ngyou,1
1,dcdh,1
1,ndt,1
1,disk,1
1,andyphamshop,1
1,hóc,1
1,color,1
1,dình,1
1,nyc,1
1,pit,1
1,qhome,1
1,zo,1
1,boi,1
1,jejdjdjdjdkdmdjjd,1
1,nf,1
1,jczhfuzfmzvk,1
1,friendly,1
1,tờba,1
1,lúi,1
1,cvvghjjjjjjkkkkbbbjj,1
1,idol,1
1,lws,1
1,vobgj,1
1,cghjjjjkkkk,1
1,steal,1
1,dzữ,1
1,hỏngbdjd,1
1,đũn,1
1,nốc,1
1,cùn,1
1,trính,1
1,oknnkhbnkkkhhj,1
1,hya,1
1,gala,1
1,dap,1
1,hỏa,1
1,html,1
1,ohải,1
1,optical,1
1,speaker,1
1,triumph,1
1,gheế,1
1,trổng,1
1,floor,1
1,pubg,1
1,nnnnnnnnnnnnnnnmnmmnnnmnm,1
1,doquá,1
1,finishing,1
1,mode,1
1,bluestark,1
1,speaking,1
1,choa,1
1,tùi,1
1,béng,1
1,ezbjjs,1
1,chỏng,1
1,ơiiii,1
1,vach,1
1,poor,1
1,tili,1
1,commet,1
1,ngo,1
1,cững,1
1,bdneisgsbesh,1
1,adater,1
1,part,1
1,cliptv,1
1,roiif,1
1,chêch,1
1,sirel,1
1,loeo,1
1,mắm,1
1,nhf,1
1,thạch,1
1,capo,1
1,effective,1
1,kq,1
1,sửng,1
1,dfưowcj,1
1,ichecker,1
1,rỡ,1
1,muo,1
1,inialnbhuavjo,1
1,qtâm,1
1,oasis,1
1,cashc,1
1,măys,1
1,tâng,1
1,chét,1
1,dằn,1
1,jesus,1
1,kêo,1
1,ák,1
1,zais,1
1,hjnjhgjj,1
1,lata,1
1,rp,1
1,gcilynkk,1
1,kĩu,1
1,ghềnh,1
1,difference,1
1,xich,1
1,dẽ,1
1,habgr,1
1,dyseven,1
1,nuôn,1
1,hơii,1
1,liều,1
1,đặtt,1
1,zippo,1
1,shops,1
1,nhaaa,1
1,vuống,1
1,lẹt,1
1,xoã,1
1,rỏi,1
1,orwdooh,1
1,nốivs,1
1,tteen,1
1,khát,1
1,eoi,1
1,sy,1
1,uggvuvhvhcygggv,1
1,hit,1
1,pp,1
1,ịch,1
1,thết,1
1,pị,1
1,mắv,1
1,khè,1
1,teo,1
1,ummm,1
1,tréo,1
1,cuae,1
1,dánh,1
1,mbs,1
1,tếu,1
1,bleed,1
1,ônnn,1
1,hế,1
1,bailey,1
1,nạo,1
1,lb,1
1,veo,1
1,probook,1
1,hhhgyyybb,1
1,thung,1
1,hxtatdi,1
1,thượng,1
1,hyển,1
1,wps,1
1,die,1
1,phỉ,1
1,hfdkrekyrsmhfsyjrsjyfsmhfsmhfdmhfvc,1
1,pẫn,1
1,hhhhhhhddddddd,1
1,tft,1
1,ôtô,1
1,healing,1
1,khuỷ,1
1,thuy,1
1,chẽ,1
1,ete,1
1,sbbwsbhsssssszwxsswssss,1
1,lức,1
1,muón,1
1,tnao,1
1,hfdfg,1
1,ii,1
1,mneo,1
1,luxury,1
1,properly,1
1,kháo,1
1,silicat,1
1,ttks,1
1,thuờng,1
1,nnnnnnnnnnnnnnnnnnnnnnn,1
1,chẹp,1
1,pó,1
1,chuanam,1
1,lường,1
1,ừm,1
1,tws,1
1,njâknsnzka,1
1,yếuuuuuuuuuuuuuuuuuuuuuuuuuuuuuuuuuuuuuuuuuuuuuu,1
1,chocolate,1
1,lămfffffccccccf,1
1,đả,1
1,nâp,1
1,hnhf,1
1,bbbbbbbbbbbbbbbb,1
1,nhưnh,1
1,sån,1
1,lambbbbb,1
1,dd,1
1,gor,1
1,đyợc,1
1,chớt,1
1,ruốc,1
1,nghiện,1
1,lạng,1
1,acide,1
1,rjtiki,1
1,cross,1
1,_không,1
1,bõ,1
1,shippẻr,1
1,disconnect,1
1,gấy,1
1,cáikhac,1
1,nhứ,1
1,nsh,1
1,hiêu,1
1,ballhead,1
1,mitsu,1
1,dam,1
1,previous,1
1,gim,1
1,tớn,1
1,trồ,1
1,maxkleen,1
1,shoo,1
1,nationa,1
1,trùgg,1
1,meeting,1
1,thưowngd,1
1,makeup,1
1,thệ,1
1,scroll,1
1,tiệt,1
1,gd,1
1,sớ,1
1,goc,1
1,uni,1
1,cày,1
1,dươc,1
1,ơii,1
1,dẫm,1
1,cữung,1
1,moc,1
1,ampli,1
1,america,1
1,bathroom,1
1,karaok,1
1,nhúc,1
1,láp,1
1,khơi,1
1,bạo,1
1,htro,1
1,thichd,1
1,sửu,1
1,tx,1
1,riêg,1
1,béilmnwhvzkknmvbbajkaja,1
1,luọc,1
1,silico,1
1,decan,1
1,biễt,1
1,nous,1
1,ấp,1
1,muói,1
1,liếc,1
1,hớt,1
1,kưng,1
1,orab,1
1,tuô,1
1,đỉa,1
1,granola,1
1,chs,1
1,hgvu,1
1,giàybthì,1
1,hotspot,1
1,xmobile,1
1,xẹt,1
1,dái,1
1,see,1
1,cuôn,1
1,cồm,1
1,pari,1
1,bietd,1
1,dislike,1
1,ckffkfkcjdjsjsjsjdk,1
1,nưa,1
1,cubgx,1
1,rây,1
1,dinner,1
1,family,1
1,srhatjrhshahtjtjttjarjarjrjsjtjstjrjtjstjstjtjstsjstjstjstjstjstjstjstjatj,1
1,pixime,1
1,dddddddd,1
1,ncnxjcmcbakzbcbsjzncndbzksbzbxbcnjdksj,1
1,phông,1
1,remo,1
1,ssss,1
1,thới,1
1,oled,1
1,socola,1
1,thuộm,1
1,start,1
1,lylong,1
1,dive,1
1,convan,1
1,viet,1
1,khômg,1
1,phãi,1
1,candy,1
1,tểt,1
1,xit,1
1,hihii,1
1,together,1
1,pixel,1
1,suôn,1
1,mớp,1
1,chris,1
1,ravpower,1
1,natural,1
1,tvbox,1
1,mắng,1
1,hửu,1
1,quýt,1
1,châmh,1
1,polyeste,1
1,shíp,1
1,blogger,1
1,hiuhiu,1
1,zon,1
1,banking,1
1,nnữa,1
1,lảocheposay,1
1,trinh,1
1,vaig,1
1,cẩm,1
1,fàn,1
1,uổng,1
1,puản,1
1,sảnh,1
1,quạy,1
1,vinabox,1
1,honda,1
1,chắng,1
1,nềm,1
1,uh,1
1,haizza,1
1,ym,1
1,vvhhjjjjjjkjj,1
1,md,1
1,trôii,1
1,till,1
1,khăc,1
1,dom,1
1,hqhi,1
1,dượng,1
1,khônggn,1
1,nbao,1
1,metylen,1
1,sjsjxbnzks,1
1,vóc,1
1,hdndndndfffff,1
1,thỏng,1
1,rư,1
1,thegioididong,1
1,kaios,1
1,xzxxxzjejjejejeje,1
1,redmi,1
1,twa,1
1,keycap,1
1,chạc,1
1,mica,1
1,nhiênnnn,1
1,braun,1
1,nhăt,1
1,promax,1
1,just,1
1,mia,1
1,lt,1
1,titi,1
1,enter,1
1,ngào,1
1,turbo,1
1,vố,1
1,khấu,1
1,căm,1
1,miên,1
1,polo,1
1,eml,1
1,magician,1
1,kais,1
1,veison,1
1,lịa,1
1,grap,1
1,nvgh,1
1,ksjjsj,1
1,đmx,1
1,stay,1
1,hollywood,1
1,đich,1
1,microlab,1
1,khoảnh,1
1,metyl,1
1,aug,1
1,nây,1
1,dềnh,1
1,âjajjaajjajajaja,1
1,nhạn,1
1,vista,1
1,mọ,1
1,lưoengj,1
1,nổng,1
1,nhiêù,1
1,though,1
1,đượcnhưng,1
1,dcidudsifhxhcick,1
1,tccs,1
1,thăc,1
1,kbps,1
1,hih,1
1,svr,1
1,kkdggvb,1
1,năg,1
1,yinh,1
1,quoc,1
1,khj,1
1,bhfdjiuhghjki,1
1,today,1
1,gào,1
1,photoshop,1
1,trk,1
1,nhx,1
1,nhh,1
1,sdhc,1
1,uebejejr,1
1,lượnh,1
1,sunhouse,1
1,rọng,1
1,mainboard,1
1,mẻo,1
1,choãi,1
1,mươ,1
1,hhggsgsgvv,1
1,citric,1
1,chít,1
1,truốt,1
1,cật,1
1,__,1
1,pphẩm,1
1,coton,1
1,bcv,1
1,lòngsdadadađáasda,1
1,gvafo,1
1,loài,1
1,âmli,1
1,huhuuuuu,1
1,mần,1
1,goăng,1
1,smooth,1
1,xéc,1
1,tỷ,1
1,jannkbnk,1
1,chá,1
1,tuocnơ,1
1,bha,1
1,stereo,1
1,rmot,1
1,móm,1
1,ạaaa,1
1,gặt,1
1,ghjjjc,1
1,这个鞋子很好,1
1,sjsjs,1
1,havinco,1
1,kab,1
1,đảnh,1
1,liquid,1
1,ờ,1
1,through,1
1,tmdd,1
1,jong,1
1,sru,1
1,som,1
1,nợ,1
1,clo,1
1,sc,1
1,rấtlinh,1
1,ngòai,1
1,hhnakbb,1
1,nghênh,1
1,chieu,1
1,trắg,1
1,mos,1
1,tịki,1
1,phượng,1
1,hatomugi,1
1,ooooooooooooo,1
1,bâu,1
1,hara,1
1,xen,1
1,inche,1
1,selffie,1
1,mạh,1
1,rắch,1
1,lượm,1
1,nhâỳ,1
1,lopws,1
1,tpbank,1
1,snack,1
1,đee,1
1,nhưn,1
1,rb,1
1,huyndai,1
1,jnt,1
1,fotoshop,1
1,vref,1
1,họo,1
1,tật,1
1,zồi,1
1,slw,1
1,dõm,1
1,undertesting,1
1,kwmf,1
1,tres,1
1,thấyvà,1
1,chef,1
1,kiem,1
1,đếch,1
1,khỏng,1
1,áaa,1
1,gl,1
1,lỹ,1
1,nhần,1
1,office,1
1,seo,1
1,sika,1
1,thuơc,1
1,xư,1
1,vlc,1
1,jdfjhthko,1
1,_dây,1
1,âi,1
1,qa,1
1,đoàn,1
1,siêng,1
1,供应商,1
1,phiu,1
1,bso,1
1,phunpheem,1
1,thườn,1
1,macca,1
1,thụât,1
1,dog,1
1,yêú,1
1,hanoi,1
1,captain,1
1,end,1
1,lứa,1
1,spid,1
1,vac,1
1,mhaan,1
1,xep,1
1,địu,1
1,romote,1
1,gpd,1
1,nnnnnnnnnnnnnnn,1
1,pikachu,1
1,lớt,1
1,thic,1
1,tiross,1
1,nẻn,1
1,tyttytyyyyyyyyyyyy,1
1,eooif,1
1,lifebouy,1
1,xiao,1
1,hzts,1
1,lánh,1
1,viẹc,1
1,nw,1
1,nú,1
1,hixhixx,1
1,vietcheck,1
1,cươ,1
1,vatgia,1
1,jm,1
1,xánhidbsjksjdhsjjssj,1
1,noel,1
1,lựơng,1
1,luô,1
1,tầ,1
1,nàotạm,1
1,choáng,1
1,buynow,1
1,ngảy,1
1,mĩm,1
1,geru,1
1,kaspersky,1
1,jdjdjd,1
1,ksjshdjsjbshjajakndhdbdjdnbdjsjjx,1
1,tram,1
1,viêt,1
1,xhcn,1
1,quấy,1
1,minhon,1
1,pack,1
1,viewsonic,1
1,xam,1
1,ngoác,1
1,dượcđúng,1
1,kw,1
1,ul,1
1,advertised,1
1,bjk,1
1,golden,1
1,tikki,1
1,xém,1
1,kslo,1
1,hoie,1
1,quaker,1
1,bẫng,1
1,lợn,1
1,pang,1
1,drp,1
1,vãnh,1
1,ulachoi,1
1,đểh,1
1,lbp,1
1,ntfs,1
1,huuu,1
1,toray,1
1,ven,1
1,đuo,1
1,tỉoss,1
1,hịnh,1
1,soẹt,1
1,mị,1
1,giầu,1
1,gcnxyxj,1
1,gọngg,1
1,dão,1
1,đỉmm,1
1,hóng,1
1,bxjxbmskxufhfg,1
1,bộc,1
1,gè,1
1,tiisn,1
1,tặm,1
1,vfdhuubvdsxbjnnjigbbftggddd,1
1,mih,1
1,strap,1
1,ndndbđbdbhdndnd,1
1,xoạt,1
1,nhât,1
1,hehehehehe,1
1,côg,1
1,lệu,1
1,chếch,1
1,fsjsbsjsbsiwbwbsjdjdndndbdnndjddjjdjjdjd,1
1,double,1
1,rinh,1
1,bsnsnsnsmsmdmmdmdmfmfmfm,1
1,luốc,1
1,vot,1
1,valentine,1
1,rbp,1
1,coty,1
1,đhhdhhddfhfhd,1
1,bet,1
1,luyên,1
1,gợp,1
1,csdi,1
1,teamgroup,1
1,yongnuo,1
1,mắcccccccccccccccccccccc,1
1,got,1
1,âmthanh,1
1,gúa,1
1,đặtfhsm,1
1,phún,1
1,lả,1
1,ninol,1
1,ziimjinnxndudjnijsjsjs,1
1,ngủm,1
1,luớt,1
1,tốtkochả,1
1,fifa,1
1,skyworth,1
1,vót,1
1,pet,1
1,hiccc,1
1,mọe,1
1,came,1
1,nene,1
1,dé,1
1,mega,1
1,kwj,1
1,tốy,1
1,cngawns,1
1,đọi,1
1,kong,1
1,很美丽,1
1,sze,1
1,nhet,1
1,siếc,1
1,giớt,1
1,higashino,1
1,lotion,1
1,macos,1
1,ckắt,1
1,hoen,1
1,automatically,1
1,giũ,1
1,rbp_,1
1,dfhjkgfbjklnr,1
1,kuến,1
1,help,1
1,diem,1
1,kghvgdrtfhjgtdsyjff,1
1,keng,1
1,sbs,1
1,digital,1
1,lệt,1
1,swift,1
1,sượng,1
1,điem,1
1,whey,1
1,reconnect,1
1,shure,1
1,yúi,1
1,trac,1
1,nhịnh,1
1,trồi,1
1,doạ,1
1,ghin,1
1,overall,1
1,flyco,1
1,đôuf,1
1,chời,1
1,stars,1
1,phât,1
1,hdvdhd,1
1,cuang,1
1,tjh,1
1,dấm,1
1,wc,1
1,kjcxz,1
1,nn,1
1,hollow,1
1,choc,1
1,sà,1
1,hêjb,1
1,diver,1
1,dmdjjd,1
1,thw,1
1,nhóc,1
1,giếng,1
1,cab,1
1,dfuwowcj,1
1,salekiểu,1
1,rvmv,1
1,hiẹu,1
1,xâú,1
1,hsjjdjjnfnnx,1
1,xíaomi,1
1,coin,1
1,normal,1
1,jvivifivovkvjcuxyxhvjv,1
1,ģan,1
1,tes,1
1,gvshbgfđffffigcgicugxufxfufcigctucut,1
1,nhẩn,1
1,ưuang,1
1,honh,1
1,fix,1
1,simple,1
1,wan,1
1,lqabf,1
1,sdp,1
1,rjdkd,1
1,ọc,1
1,thiu,1
1,junior,1
1,buội,1
1,bluetoothko,1
1,skyworh,1
1,okkkkkkkkkkkkkkkkkkkkkkkk,1
1,trond,1
1,nuôi,1
1,silion,1
1,hag,1
1,sales,1
1,jjdrij,1
1,bhjjjzb,1
1,troi,1
1,thắp,1
1,sưu,1
1,rịn,1
1,trẻo,1
1,nhưngmình,1
1,tàn,1
1,darling,1
1,kenh,1
1,díplayport,1
1,rớ,1
1,chếc,1
1,rạng,1
1,đứtv,1
1,canhs,1
1,ổnn,1
1,mướt,1
1,kiém,1
1,shippe,1
1,jeans,1
1,zealot,1
1,zoang,1
1,hdjkdkdifjhrbjrjruurhhr,1
1,khoái,1
1,boots,1
1,cuon,1
1,helmets,1
1,xập,1
1,splus,1
1,inc,1
1,cũa,1
1,ordered,1
1,zzzzzzzzzzzzzx,1
1,tõm,1
1,dđffccccc,1
1,vocal,1
1,lrp,1
1,kkkkkk,1
1,opened,1
1,mích,1
1,loèn,1
1,loan,1
1,mũm,1
1,câm,1
1,hoanghamobile,1
1,dínk,1
1,playcloud,1
1,xilanh,1
1,ocê,1
1,rức,1
1,coc,1
1,nuaw,1
1,okkkke,1
1,starbucks,1
1,among,1
1,ỷ,1
1,taplo,1
1,vx,1
1,thách,1
1,ổnm,1
1,urbox,1
1,tiềm,1
1,hếttới,1
1,phillips,1
1,tóan,1
1,chiêc,1
1,toilet,1
1,omo,1
1,ghhhbbhfd,1
1,basa,1
1,búp,1
1,mount,1
1,next,1
1,sệ,1
1,lit,1
1,nấp,1
1,thien,1
1,ngằn,1
1,blend,1
1,lèo,1
1,xoong,1
1,tikitrade,1
1,đưoqcj,1
1,túc,1
1,zô,1
1,thesame,1
1,rặm,1
1,haylou,1
1,thuẫn,1
1,củg,1
1,ngấy,1
1,dộng,1
1,thj,1
1,naturo,1
1,huốt,1
1,tac,1
1,đưpcj,1
1,dyngf,1
1,cavino,1
1,đởm,1
1,đôn,1
1,trụa,1
1,ydhdhddjdbsbbdbsbhxhsbd,1
1,tue,1
1,melamin,1
1,select,1
1,hòng,1
1,bot,1
1,kdkdkkđnkkkeeke,1
1,khỗ,1
1,milder,1
1,hoác,1
1,sqngs,1
1,khum,1
1,nàng,1
1,could,1
1,lain,1
1,bkabs,1
1,kkkkkkkkkkkkkkkkkkkkkkkkkkkkko,1
1,nập,1
1,coopmart,1
1,bsm,1
1,tcl,1
1,phượt,1
1,ajinomoto,1
1,tamn,1
1,confirm,1
1,room,1
1,hoắc,1
1,hichichic,1
1,xuềnh,1
1,rộidbdbđjjdhfjfhff,1
1,dứa,1
1,chăns,1
1,buột,1
1,kung,1
1,post,1
1,rhangs,1
1,trốn,1
1,quỷ,1
1,night,1
1,giòng,1
1,m²,1
1,voe,1
1,vè,1
1,mịch,1
1,sòng,1
1,hing,1
1,coca,1
1,uniqlo,1
1,lèm,1
1,gold,1
1,vờ,1
1,timi,1
1,jzjsn,1
1,these,1
1,iyfkhcohfigd,1
1,jvj,1
1,shopj,1
1,tráh,1
1,putinshop,1
1,tkj,1
1,webui,1
1,buc,1
1,vietnamobile,1
1,elsa,1
1,xxmm,1
1,npp,1
1,tót,1
1,iwatch,1
1,kkkkkllllllllllllllll,1
1,chèo,1
1,gềnh,1
1,đđược,1
1,tiêp,1
1,chắp,1
1,duocvbnmkhfbhjkkcsahvx,1
1,nhánh,1
1,băg,1
1,tỉm,1
1,thâyd,1
1,humidifier,1
1,gillette,1
1,kđi,1
1,conggggg,1
1,care,1
1,nhươ,1
1,zize,1
1,khỉ,1
1,lói,1
1,bhh,1
1,núp,1
1,tnaays,1
1,chop,1
1,nhjet,1
1,èvwfvefvegbge,1
1,hhhhjjjjj,1
1,lùn,1
1,bạ,1
1,hfjffjhrt,1
1,ballad,1
1,pencil,1
1,hă,1
1,kj,1
1,apply,1
1,lom,1
1,êku,1
1,quácà,1
1,gàu,1
1,trĩ,1
1,headset,1
1,kàng,1
1,lấu,1
1,edm,1
1,gatsby,1
1,cbhfsjkfmjtsd,1
1,dtp,1
1,toé,1
1,t_t,1
1,powerline,1
1,muoi,1
1,fooc,1
1,durex,1
1,mìh,1
1,mềnh,1
1,jjgjughbjvhhj,1
1,vchuyen,1
1,llắm,1
1,đon,1
1,jvufuchvjv,1
1,oulet,1
1,sweep,1
1,xình,1
1,appt,1
1,mẫ,1
1,vâỵ,1
1,phủi,1
1,badmình,1
1,laih,1
1,rẻo,1
1,kklllllllkkkkkkkkkkkkh,1
1,tefai,1
1,toá,1
1,mảngnilon,1
1,chùm,1
1,vinmax,1
1,quóc,1
1,um,1
1,nhện,1
1,ghè,1
1,đừơng,1
1,microless,1
1,điệp,1
1,lựu,1
1,hhh,1
1,dmx,1
1,oogr,1
1,dip,1
1,vỗ,1
1,midea,1
1,sandisk,1
1,legaxi,1
1,vât,1
1,liệng,1
1,mr,1
1,spandex,1
1,nắn,1
1,cồ,1
1,sku,1
1,cằm,1
1,ninomax,1
1,threw,1
1,disturbing,1
1,nhieruf,1
1,emi,1
1,luônn,1
1,kâu,1
1,zzzzzzzzzzzzzzzzzzx,1
1,pphari,1
1,mátnnnx,1
1,gois,1
1,sọp,1
1,anw,1
1,markings,1
1,aaaaaaaaaaaaaaaaa,1
1,marketing,1
1,hoco,1
1,dĩ,1
1,chec,1
1,locked,1
1,fullbox,1
1,platium,1
1,yamaha,1
1,chucn,1
1,nguồi,1
1,ampe,1
1,sọi,1
1,áy,1
1,cóng,1
1,ói,1
1,khuếch,1
1,sánng,1
1,goo,1
1,rích,1
1,kdhdgsjsmdjhdjdf,1
1,thườmg,1
1,nhẽo,1
1,androibox,1
1,rreu,1
1,khâc,1
1,nil,1
1,giớ,1
1,lioa,1
1,khuya,1
1,bbkjnnbhhvvh,1
1,dụm,1
1,hinhg,1
1,gspace,1
1,print,1
1,tieengsnhuwng,1
1,decoil,1
1,ẩuul,1
1,shuguang,1
1,sjze,1
1,phanh,1
1,riew,1
1,lôĩ,1
1,cớ,1
1,snsndndndndndn,1
1,green,1
1,shoptretho,1
1,rejection,1
1,giép,1
1,nạn,1
1,đanb,1
1,cosdos,1
1,turn,1
1,all,1
1,motor,1
1,value,1
1,choh,1
1,qđ,1
1,fffffvjgncbvnv,1
1,ngươi,1
1,thồi,1
1,hiến,1
1,dăn,1
1,dòi,1
1,patin,1
1,ũng,1
1,lusseti,1
1,hjjj,1
1,wesing,1
1,tèo,1
1,sưả,1
1,xới,1
1,pần,1
1,vạc,1
1,hơp,1
1,over,1
1,zay,1
1,lùng,1
1,thuâ,1
1,cụp,1
1,aaaaaaaaaaaaaaaaaaaa,1
1,demi,1
1,jjjjjjjjjjjjjjjjjjjjjjjjjj,1
1,xục,1
1,wed,1
1,navi,1
1,top,1
1,utrasharp,1
1,vẫy,1
1,riser,1
1,hâp,1
1,biếu,1
1,xoàn,1
1,khă,1
1,bềnh,1
1,city,1
1,memo,1
1,monhf,1
1,ex_v,1
1,lọai,1
1,shio,1
1,yn,1
1,quangr,1
1,amh,1
1,rấtntiện,1
1,lớ,1
1,skyhawk,1
1,dẹo,1
1,sulfuric,1
1,hhhahcb,1
1,luộn,1
1,sảnp,1
1,lăó,1
1,chata,1
1,uag,1
1,classic,1
1,đưởng,1
1,đụt,1
1,yuteng,1
1,thịnh,1
1,ut,1
1,nhầu,1
1,tranding,1
1,lấo,1
1,chaoer,1
1,craven,1
1,new,1
1,books,1
1,buss,1
1,găy,1
1,cccvvvxxx,1
1,logia,1
1,nhì,1
1,trá,1
1,mazda,1
1,truiwcs,1
1,gạ,1
1,líc,1
1,zac,1
1,váo,1
1,ật,1
1,cpu,1
1,jấy,1
1,yjn,1
1,ươ,1
1,bac,1
1,chp,1
1,giài,1
1,đam,1
1,thanhssk,1
1,logistics,1
1,nbuw,1
1,nkđ,1
1,rivet,1
1,bừng,1
1,control,1
1,crp,1
1,xoài,1
1,dịn,1
1,senka,1
1,chấtchưa,1
1,nàotiền,1
1,tiềnn,1
1,rầu,1
1,dot,1
1,anot,1
1,trưới,1
1,khính,1
1,haizzzzzz,1
1,sihp,1
1,tốtlần,1
1,keigo,1
1,thág,1
1,phấm,1
1,sày,1
1,vừaaaa,1
1,anywheres,1
1,bm,1
1,cheo,1
1,khựa,1
1,khặc,1
1,quặt,1
1,trịu,1
1,dợ,1
1,kkkkkkkkkkkkkko,1
1,sound,1
1,àh,1
1,tiêng,1
1,cardina,1
1,_zipper,1
1,đắn,1
1,nhoài,1
1,mdmdjdkdkdkdmdjdndnddddmdmdnsknss,1
1,sữ,1
1,guu,1
1,tool,1
1,thiền,1
1,mps,1
1,đàu,1
1,looked,1
1,sôp,1
1,đốg,1
1,dộp,1
1,mém,1
1,giáng,1
1,aomua,1
1,léo,1
1,thuât,1
1,schs,1
1,singing,1
1,xòe,1
1,đl,1
1,tap,1
1,dỉ,1
1,oem,1
1,dpi,1
1,tada,1
1,realtek,1
1,bxjxjzhjdk,1
1,kúc,1
1,conmnet,1
1,bhhjb,1
1,phait,1
1,vb,1
1,nầu,1
1,otto,1
1,nguýt,1
1,were,1
1,mươt,1
1,rơn,1
1,bót,1
1,xẻo,1
1,flagship,1
1,xứơc,1
1,njuwng,1
1,byphasse,1
1,nnnnnnn,1
1,intous,1
1,uki,1
1,pharmacity,1
1,dkb,1
1,bhuuj,1
1,chien,1
1,bón,1
1,chụa,1
1,dg,1
1,kimthoa,1
1,vỏn,1
1,véo,1
1,dream,1
1,ccc,1
1,fkfkflflkl,1
1,output,1
1,zombi,1
1,nạt,1
1,sjcam,1
1,djdjdjf,1
1,cũn,1
1,pq,1
1,stop,1
1,rằn,1
1,fn,1
1,kvd,1
1,clouding,1
1,oẹ,1
1,túo,1
1,forgot,1
1,lồn,1
1,ríu,1
1,mướp,1
1,thuyền,1
1,sem,1
1,thoạt,1
1,pana,1
1,năn,1
1,node,1
1,outdoor,1
1,lẳng,1
1,côi,1
1,nhaxinhxinh,1
1,nhièu,1
1,ezaviz,1
1,sả,1
1,jet,1
1,cuat,1
1,yahoo,1
1,mịnh,1
1,dui,1
1,toe,1
1,dslr,1
1,đợn,1
1,tuốc,1
1,tuôi,1
1,quet,1
1,nhoét,1
1,stress,1
1,avg,1
1,sapido,1
1,hbo,1
1,chelsea,1
1,nắc,1
1,kiệntheo,1
1,merries,1
1,điếu,1
1,ceo,1
1,kèn,1
1,djjd,1
1,đẹo,1
1,sây,1
1,zámkdjxjcjjcjdjjdjf,1
1,thiếp,1
1,hhhhhhhhhhhhhhhhhhh,1
1,chốn,1
1,shake,1
1,cú,1
1,dcđ,1
1,mc,1
1,chè,1
1,ăm,1
1,hsinh,1
1,xấc,1
1,wife,1
1,hó,1
1,pdf,1
1,chx,1
1,ngừ,1
1,camnon,1
1,catalogue,1
1,chiệu,1
1,tdn,1
1,tạng,1
1,phẵm,1
1,đỗi,1
1,gt,1
1,tônge,1
1,mra,1
1,coppy,1
1,hhhhhhhhhnsjsnndnzjdjdjdj,1
1,name,1
1,kểt,1
1,bulon,1
1,dropship,1
1,lè,1
1,edge,1
1,rái,1
1,elastane,1
1,nuaqx,1
1,frood,1
1,lầ,1
1,environmentally,1
1,cắc,1
1,legion,1
1,sot,1
1,càg,1
1,rotttttttttttttttttttt,1
1,comfo,1
1,pn,1
1,future,1
1,phiê,1
1,uk,1
1,qwertyuuu,1
1,fastbaby,1
1,chắk,1
1,remod,1
1,kiwi,1
1,salad,1
1,lllllllllgggjjuhhddtyyhh,1
1,knight,1
1,mỏg,1
1,vạn,1
1,biek,1
1,nghĩnh,1
1,đăc,1
1,mừa,1
1,đat,1
1,mall,1
1,thegioitinhoc,1
1,đằm,1
1,dồ,1
1,button,1
1,xẫc,1
1,user,1
1,vò,1
1,ngọ,1
1,mìk,1
1,chôi,1
1,nàoi,1
1,phảu,1
1,msanr,1
1,elec,1
1,phen,1
1,riềm,1
1,soft,1
1,niem,1
1,rubik,1
1,thám,1
1,kót,1
1,quí,1
1,qte,1
1,enpis,1
1,tột,1
1,lám,1
1,cnjofkdn,1
1,chã,1
1,freefire,1
1,quẫy,1
1,sụ,1
1,xing,1
1,ngoặc,1
1,trại,1
1,khiên,1
1,yctxrdubj,1
1,bửn,1
1,disconect,1
1,ló,1
1,cyran,1
1,never,1
1,away,1
1,víu,1
1,lịm,1
1,nhú,1
1,thôivaayj,1
1,vơiis,1
1,amli,1
1,rép,1
1,vsjdj,1
1,vỉhndghfcjbd,1
1,pharma,1
1,fr,1
1,godox,1
1,bấn,1
1,ná,1
1,đôc,1
1,sũng,1
1,vể,1
1,admin,1
1,prazada,1
1,shao,1
1,ppf,1
1,nylong,1
1,nặnggg,1
1,chìm,1
1,iyf,1
1,xm,1
1,selfhelp,1
1,kolên,1
1,lưoqjng,1
1,thiế,1
1,quệt,1
1,ngỡ,1
1,zaie,1
1,giàu,1
1,nhình,1
1,uiiiiiiiiiiiiii,1
1,đũi,1
1,sel,1
1,nak,1
1,compo,1
1,uno,1
1,ria,1
1,lảng,1
1,bbnn,1
1,hiu,1
1,goài,1
1,settings,1
1,muôi,1
1,bốp,1
1,khưi,1
1,chùn,1
