word,count
hàng,404546
giao,288109
rất,273884
không,238143
có,235978
mình,229086
nhanh,212679
tốt,199119
mua,188580
phẩm,179229
sản,178135
sách,175553
và,173982
đẹp,173687
nhưng,161170
được,159464
là,149976
thì,143270
nên,140462
chất,139855
giá,138206
dùng,133890
gói,122810
lượng,119649
ko,118443
như,118101
bị,115473
tiki,114628
cho,110220
đóng,108562
ok,108060
shop,105217
với,99356
này,98217
mà,95491
đã,89624
thấy,87971
hơi,87026
mới,86968
chưa,85014
của,84668
cũng,82936
nhận,81138
hơn,79786
lại,77776
quá,76989
dụng,76814
để,75645
hay,72469
đúng,71286
khá,71066
nhiều,70731
về,69681
khi,69305
k,67625
trong,67445
ổn,66373
thận,66178
cẩn,65812
hình,64329
lắm,64125
sẽ,63618
sử,63245
dễ,62890
lòng,62806
còn,60779
chắc,60728
sao,60338
đọc,60246
hài,59065
cảm,58448
lần,56967
thích,54694
luôn,54613
máy,54031
phải,53198
ra,52689
người,51386
hợp,51112
đặt,50903
rồi,50812
biết,50268
cái,49195
một,48350
màu,46216
chỉ,45482
sau,45220
xài,44180
làm,42698
chắn,42636
cả,41857
nhỏ,41377
sp,40726
các,40673
vì,40507
vẫn,40095
dung,39919
đầu,39674
lâu,39341
nữa,39308
gì,38507
tiền,38139
đc,38015
nào,37952
vừa,37227
cuốn,37179
ngày,36867
tôi,36061
vào,35540
nói,35354
ngon,35333
bạn,34912
những,34423
hộp,33998
ạ,33828
nha,33392
mùi,33056
da,32461
rẻ,32337
nội,32253
ơn,32160
ở,31971
tặng,31869
hết,31775
thể,31709
nhìn,31667
độ,31504
đi,31339
đến,31114
thêm,30974
trên,30969
thời,30893
nghe,30023
ý,29888
thơm,29795
bên,29464
đáng,29128
hộ,29094
nhà,28812
khác,28657
nhẹ,28579
từ,28561
chính,28329
ủng,27884
nước,27203
gian,27200
nhé,27149
tay,27132
lúc,26867
ng,26536
so,26229
đánh,26088
tiện,25988
cực,25693
lên,25622
vậy,25534
chung,25466
bảo,25078
trước,25008
vọng,24556
bình,24388
thế,24318
bao,24308
êm,24299
tuy,24173
nhiệt,23814
bọc,23781
tiếp,23620
thử,23493
đổi,23419
ăn,23376
mọi,23246
nó,23172
tình,23155
loại,22768
qua,22741
ảnh,22715
sự,22568
giống,22503
hãng,22497
đủ,22405
nhiên,22341
cần,22258
ưng,21776
hành,21731
phù,21520
ngoài,21396
t,21364
to,21269
gọn,21235
siêu,21096
do,21072
mong,21006
tả,20945
tuyệt,20858
n,20712
giấy,20617
con,20536
đó,20086
nếu,19971
mẫu,19836
khó,19598
bìa,19591
cách,19316
hôm,19311
cao,19298
đơn,19241
tầm,19224
dây,19162
lý,19057
giờ,18990
tâm,18894
bàn,18801
theo,18779
dịch,18766
m,18763
sáng,18736
nhân,18726
bé,18656
thôi,18631
tạm,18618
chuyển,18594
pin,18593
kèm,18502
hiệu,18419
i,18381
thật,18367
mặt,18321
kết,18257
túi,18231
bền,18117
tác,18091
phần,18084
mềm,18056
mô,17995
bán,17974
kỹ,17950
sạc,17927
rõ,17792
nguyên,17713
đây,17504
điều,17252
hiểu,17217
móp,16928
lỗi,16894
đang,16730
đề,16700
chịu,16640
trang,16599
điện,16554
xem,16498
mặc,16452
muốn,16374
thường,16354
điểm,16288
dài,16241
quả,16223
tin,16074
quyển,16058
học,16037
nồi,15929
cáo,15887
dù,15831
đều,15800
in,15784
xong,15750
nhất,15735
chuẩn,15713
dc,15702
mấy,15678
vời,15667
lắp,15641
em,15633
tính,15569
kiến,15550
vải,15529
sạch,15491
bản,15415
thân,15361
tiếng,15311
thực,15098
thứ,15090
quảng,15090
số,15026
định,15005
tai,14895
động,14894
chạy,14891
thất,14702
size,14692
âm,14688
thanh,14672
mỏng,14647
cứng,14593
mang,14579
tháng,14550
đồ,14528
dày,14403
vấn,14360
chống,14336
đầy,14288
mở,14263
chuột,14227
áo,14225
quà,14216
nay,14206
sữa,14121
trả,14117
mã,14081
y,14055
công,14013
thành,13987
cùng,13918
thương,13906
thiết,13846
kĩ,13832
vị,13795
ai,13744
viên,13645
tới,13638
uống,13580
bằng,13486
giả,13444
sắc,13382
chân,13369
vận,13301
sài,13161
mất,13127
thiện,13111
c,13104
ship,13036
yêu,13008
giảm,12991
dẫn,12980
bộ,12954
mỗi,12897
chứ,12879
thức,12839
may,12814
cầm,12720
dầu,12711
thông,12590
nóng,12534
chút,12532
truyện,12530
nối,12355
giữ,12350
liệu,12347
khách,12217
tự,12182
việc,12154
tưởng,12094
gửi,12007
tệ,11848
hút,11843
gia,11789
kiểu,11751
sale,11634
giác,11536
xinh,11533
dự,11501
đèn,11483
mát,11338
nghĩ,11333
xịn,11285
hiện,11201
giúp,11171
vụ,11076
đợi,11036
chậm,10968
lớn,10964
tại,10924
chai,10834
toàn,10811
vô,10794
vài,10774
anh,10772
méo,10700
lợi,10678
cầu,10579
hoàn,10529
h,10512
mạnh,10510
ít,10482
tục,10408
dính,10400
đâu,10366
tư,10208
bỏ,10172
khô,10168
mịn,10138
ngay,10125
hướng,10091
ta,10033
sinh,10032
nhựa,9872
nấu,9820
chọn,9757
đường,9749
xuất,9662
kế,9656
góc,9643
kém,9579
shipper,9551
cắm,9540
hẹn,9536
dán,9524
năng,9501
thiếu,9497
đồng,9496
năm,9451
kích,9410
mắt,9403
càng,9343
cũ,9310
thay,9309
trợ,9188
gần,9147
chỗ,9076
chóng,9076
quan,9065
câu,8953
báo,8933
a,8918
tiết,8894
tìm,8867
xa,8856
co,8846
hoạt,8811
hang,8798
đựng,8755
liên,8705
bắt,8682
rách,8653
mn,8624
kì,8621
seal,8593
hư,8584
tập,8507
đối,8507
tuần,8485
nắp,8484
chờ,8482
kiểm,8479
rửa,8472
cứ,8409
sống,8395
đen,8374
yếu,8352
hỗ,8349
p,8312
chi,8304
kỳ,8276
tóc,8254
vẻ,8212
gọi,8189
quần,8181
hai,8168
hồi,8140
hạn,8109
mãi,8100
lấy,8076
ghi,8067
sang,8056
nặng,8036
vui,7990
ích,7954
minh,7945
viết,7944
giới,7912
kg,7883
tốc,7873
trình,7824
tra,7821
cơ,7812
đeo,7732
cuộc,7727
cân,7680
trắng,7680
chuyện,7621
phát,7557
mái,7545
tinh,7540
lớp,7530
loa,7516
oke,7516
nh,7494
đặc,7441
kem,7438
quạt,7431
tín,7413
tem,7397
ứng,7394
phím,7391
tương,7362
từng,7340
hoặc,7335
giày,7332
hỏi,7308
lời,7300
sai,7289
yên,7287
thoải,7256
khỏi,7231
cáp,7213
xíu,7172
bất,7144
bì,7116
sớm,7093
lau,7041
thấm,7018
cám,7006
ha,7004
chữ,6995
tối,6967
nhau,6962
chế,6943
giải,6901
mượt,6844
thoại,6832
tế,6813
an,6811
date,6786
văn,6786
nhạy,6707
vệ,6665
xe,6643
tiên,6633
mức,6627
u,6612
hỏng,6584
vs,6524
nghiệm,6510
cấp,6485
nét,6467
miếng,6442
trọng,6416
nút,6402
rộng,6402
trẻ,6363
xước,6360
va,6324
áp,6306
biệt,6302
phòng,6288
lạnh,6286
ồn,6274
sơ,6270
phụ,6243
uy,6215
kinh,6198
chán,6177
hệ,6174
bóng,6166
khoảng,6122
thùng,6111
đỡ,6073
mẹ,6072
xịt,6065
nhu,6055
khuyến,6043
kiện,6005
hẳn,6000
chơi,5949
la,5949
xanh,5932
,5927
kính,5922
tẩy,5914
bánh,5904
bẩn,5900
ban,5883
xay,5860
chỉnh,5826
phục,5808
ơi,5791
hạt,5787
tí,5783
mụn,5777
bài,5773
cài,5754
hương,5725
review,5723
ấm,5701
cơm,5686
đôi,5685
nghĩa,5678
quay,5646
tượng,5630
đau,5624
chê,5587
bụi,5569
bấm,5567
nam,5554
trầy,5552
đợt,5533
quyết,5517
thi,5511
bổ,5472
hi,5453
chiều,5440
hy,5426
nhớ,5409
thiệu,5363
phản,5359
dàng,5346
keo,5330
màn,5319
tích,5287
đo,5263
gây,5256
dáng,5248
sợ,5235
nhàng,5233
sa,5232
chấp,5227
sâu,5224
cây,5220
á,5212
gắn,5179
ma,5177
thẻ,5165
test,5154
kéo,5146
sốc,5119
ngắn,5105
trung,5101
giản,5085
thị,5081
ẩm,5073
ngọt,5061
cung,5043
xét,5040
lịch,5031
vỏ,5005
đa,4993
ngờ,4968
dặn,4960
ràng,4953
tận,4951
phí,4950
trời,4938
trải,4931
việt,4915
đời,4896
lực,4872
cam,4864
nghị,4864
trừ,4862
giặt,4832
lỏng,4816
xác,4805
thanks,4791
ấy,4786
xin,4775
thu,4760
buồn,4726
khăn,4716
san,4713
nổi,4702
tất,4697
sóng,4688
ca,4679
hữu,4638
cục,4613
du,4590
dưỡng,4568
ba,4568
kêu,4563
cuối,4562
dưới,4554
good,4531
bếp,4523
ly,4510
mạng,4510
mùa,4500
tiếc,4490
chủ,4479
tủ,4478
gãy,4477
sd,4476
trường,4467
rat,4466
s,4465
trị,4463
mi,4461
r,4445
lo,4442
vặn,4422
e,4417
vết,4405
tot,4399
lưu,4361
ấn,4339
nè,4329
gối,4295
thái,4287
vẹn,4260
vỡ,4222
ổ,4216
chụp,4201
chúng,4197
thú,4196
dòng,4196
lun,4190
cong,4167
pha,4160
nướng,4153
tạo,4126
nằm,4122
sức,4106
dịu,4095
vật,4087
xuống,4087
su,4087
ch,4086
chảo,4065
tuổi,4051
phong,4029
quen,4028
hồ,4026
đổ,4008
nhờ,4003
nhầm,3984
nhật,3981
mơ,3971
đăng,3953
phân,3950
nghiệp,3949
bật,3949
vàng,3945
đình,3935
ngủ,3933
món,3916
dành,3915
chu,3911
cửa,3907
kể,3894
tội,3880
lí,3880
tổng,3867
hấp,3856
chuyên,3847
o,3837
ngăn,3835
mực,3831
nhăn,3816
ráp,3808
lót,3806
hôi,3800
tô,3774
cố,3747
xấu,3746
lừa,3711
săn,3710
gội,3704
chiên,3703
xứng,3699
giáo,3679
tiêu,3677
cá,3677
pham,3649
nơi,3641
wifi,3621
g,3617
suy,3615
cải,3613
đưa,3605
chức,3593
đấy,3591
xử,3591
đế,3579
bi,3560
lông,3550
lọc,3549
gấp,3544
râ,3535
lẽ,3532
thước,3522
v,3504
liền,3504
đảm,3502
ví,3497
usb,3486
nắng,3481
khẩu,3468
chua,3468
gặp,3466
hóa,3466
riêng,3464
đỏ,3453
kim,3451
gáy,3428
ông,3426
dạng,3419
kho,3390
j,3383
đừng,3382
mắc,3379
hưởng,3366
l,3359
đắt,3358
phê,3355
bôi,3353
mau,3353
lock,3339
giữa,3335
hồng,3335
đêm,3333
bám,3333
di,3331
camera,3329
bông,3326
chiếc,3319
cắt,3310
khiến,3302
treo,3290
trễ,3280
hề,3279
đạt,3266
trái,3256
chú,3256
gạo,3254
tắt,3221
chăng,3217
đá,3211
chat,3204
ánh,3194
laptop,3175
lỗ,3153
nhắn,3147
nhạc,3143
kh,3125
trí,3099
trở,3089
tên,3087
trông,3076
duy,3067
long,3059
bass,3044
nguồn,3037
chẳng,3026
hoa,3025
bung,3025
ngoại,3024
bong,3024
tui,3018
mk,3008
dơ,2999
chị,2996
thảm,2994
nhe,2987
phâ,2966
ngồi,2962
chảy,2940
ghê,2939
thịt,2938
xúc,2928
hoá,2920
trà,2917
cu,2916
hãy,2908
mê,2907
à,2906
nửa,2875
xò,2874
chia,2872
bác,2864
tăng,2863
nhắc,2862
vòng,2860
trading,2858
dép,2856
quản,2854
ép,2837
cỡ,2837
đem,2835
tháo,2829
tắm,2813
mại,2811
d,2805
kiệm,2804
ủi,2801
ntn,2796
phút,2795
ôm,2792
lành,2771
trưa,2765
đáo,2762
cạnh,2760
cổ,2738
phía,2726
pháp,2724
combo,2721
trơn,2721
khâu,2715
cà,2715
vi,2711
ốc,2689
lựa,2685
đậm,2675
đại,2668
chả,2666
thư,2666
gió,2656
truyền,2653
check,2651
thoáng,2651
trạng,2648
giãn,2646
bookmark,2646
chương,2644
bột,2634
rớt,2629
app,2619
kệ,2614
bóc,2608
gàng,2605
cô,2598
khong,2597
đảo,2584
dám,2581
ống,2567
thâ,2566
rằng,2556
lọ,2555
lưng,2550
họ,2540
vòi,2529
khỏe,2512
chứng,2509
coi,2508
cụ,2504
tử,2503
phương,2502
bể,2496
mờ,2494
ưu,2492
cổng,2476
sát,2473
nhung,2472
rơi,2471
toán,2470
balo,2459
thấp,2449
linh,2449
chết,2444
ml,2431
sẵn,2429
tài,2427
trc,2419
bày,2407
df,2405
môi,2398
dep,2395
phiếu,2394
khui,2393
lưỡng,2388
khóa,2384
form,2367
nâng,2367
bơm,2363
xuyên,2360
móc,2350
khuyên,2347
mưa,2344
buổi,2341
bọt,2339
đoạn,2336
mỏi,2335
okie,2333
gel,2333
luong,2329
bề,2322
xoay,2322
đươ,2318
oki,2313
dao,2292
đe,2289
đỉnh,2288
tróc,2284
tốn,2283
nữ,2280
dấu,2279
bịch,2266
bookcare,2264
bút,2254
sim,2251
tranh,2238
ghế,2235
kia,2221
chúc,2220
khoá,2218
khả,2216
lạ,2215
lan,2215
mục,2215
thần,2214
ướt,2211
khen,2206
rút,2205
ước,2199
cm,2194
thoa,2190
màng,2188
bluetooth,2183
suất,2170
cafe,2168
chăm,2160
sư,2160
thuật,2157
lẻo,2157
nát,2153
ho,2153
nhỉ,2142
chật,2142
biến,2141
đông,2139
cháy,2139
goi,2136
cậu,2134
hội,2130
kín,2129
khắc,2127
bệnh,2123
mũ,2123
sôi,2117
rít,2113
se,2106
the,2096
nhãn,2092
bởi,2089
khớp,2087
nồng,2086
ô,2083
vắt,2080
đứng,2077
lai,2074
kha,2074
on,2071
tham,2069
miệng,2060
giòn,2059
bây,2057
kẹp,2052
sấy,2047
mép,2036
bố,2034
cốc,2025
thuốc,2020
đun,2016
na,2015
xả,2010
hihi,2010
quốc,2010
chứa,2007
nhiêu,2007
tránh,2004
nhập,2002
băng,2000
quanh,1994
nhờn,1993
họa,1991
khoẻ,1990
tờ,1988
canh,1988
miễn,1987
go,1984
gái,1983
miêu,1981
lẫn,1975
lôi,1974
mai,1967
sóc,1961
mỹ,1958
rè,1957
bà,1947
đt,1947
ti,1940
xốp,1939
tấm,1934
trực,1934
ký,1929
sửa,1924
now,1913
tường,1912
vote,1905
gốc,1904
lò,1902
duoc,1890
che,1889
địa,1886
bữa,1885
châ,1877
sơn,1869
đê,1863
tóm,1860
hời,1858
phim,1855
tikinow,1847
khiển,1835
củ,1834
bớt,1834
bt,1825
cập,1824
hại,1824
chặt,1821
bay,1816
can,1816
quên,1813
bí,1812
thank,1811
lươ,1810
dị,1810
vẽ,1808
thẩm,1804
vn,1801
cộng,1801
bước,1797
lệch,1779
vít,1778
nhạt,1776
tr,1774
inox,1773
hà,1773
dịp,1769
triết,1767
răng,1764
bụng,1763
thẳng,1762
online,1755
thiên,1754
đáp,1739
tks,1737
kịp,1737
đòi,1734
nho,1730
bực,1730
mic,1728
hoạ,1727
nhìu,1723
căng,1717
góp,1715
lạc,1714
lam,1709
í,1706
moi,1706
no,1704
ngẫm,1703
diện,1696
đệm,1690
nilon,1690
khoa,1686
km,1685
thuyết,1680
tải,1677
sẻ,1677
hứng,1673
tươi,1673
thơ,1668
đáy,1667
đài,1666
bết,1661
ngữ,1660
hoi,1657
bát,1652
son,1651
cạo,1650
xu,1650
ngang,1647
voi,1646
dong,1641
chải,1639
thuận,1637
khung,1635
cx,1634
dê,1625
rụng,1624
mẻ,1624
khổ,1620
nhược,1619
gõ,1618
khít,1617
bỉm,1613
dạy,1611
đứt,1609
game,1603
khủng,1602
ngứa,1596
bù,1595
trai,1594
đu,1591
mũi,1591
đô,1585
lăn,1577
đ,1575
dần,1572
thao,1571
shiper,1570
rát,1566
khảo,1563
chăn,1563
de,1558
manh,1557
ah,1556
ẩu,1554
quai,1552
vân,1550
bạc,1549
rung,1549
sàn,1536
mạch,1534
nhan,1534
thống,1533
khí,1532
hạnh,1532
vơ,1528
dân,1526
độc,1521
cấn,1518
lương,1515
xl,1514
hồn,1511
gỗ,1509
hở,1507
than,1507
dai,1505
video,1505
bè,1502
kiếm,1496
phun,1495
mng,1485
chó,1481
mèo,1475
nhã,1471
cận,1471
luận,1466
thuộc,1459
suốt,1459
rùi,1458
sướng,1457
phận,1455
câ,1455
khởi,1454
chí,1446
triển,1446
cute,1445
logitech,1440
sắp,1440
vạch,1439
gb,1438
thừa,1438
chốt,1437
bảng,1435
cha,1434
đứa,1431
hảo,1431
niềm,1430
rời,1430
w,1429
tã,1428
cứu,1427
tỉnh,1425
hoài,1425
nen,1425
cảnh,1423
tông,1415
cặp,1414
tiê,1411
x,1409
đập,1407
nv,1405
đàn,1400
man,1396
dùm,1395
nghi,1392
mác,1389
tam,1389
led,1389
rỉ,1388
click,1385
đất,1383
dữ,1383
box,1380
mo,1380
nấy,1377
tan,1376
doanh,1376
ae,1375
tràn,1372
mồ,1370
tắc,1368
thâm,1364
hinh,1362
chấm,1356
sờ,1356
kê,1355
web,1353
lưỡi,1350
quy,1349
nàn,1348
dở,1348
sò,1346
chập,1344
thủ,1342
muỗi,1341
thun,1339
chín,1336
thoảng,1331
xỉu,1331
ty,1330
ung,1329
ái,1329
full,1325
sợi,1323
tầng,1321
thiệt,1321
thô,1320
lỡ,1318
châm,1316
gắng,1316
khay,1315
tức,1313
remote,1313
lắc,1312
dẻo,1309
phàn,1308
mì,1308
trách,1306
thấu,1306
xung,1305
hsd,1302
ngắt,1301
nứt,1298
hô,1298
thua,1298
tivi,1294
nhâ,1289
quý,1287
xã,1278
quăn,1277
tim,1271
hoàng,1271
xắn,1271
phúc,1270
lầm,1267
dụ,1267
tết,1266
bóp,1262
đep,1262
ve,1259
phối,1256
tiểu,1255
giọng,1253
béo,1253
siu,1251
mắn,1249
niêm,1246
cấu,1245
hiển,1242
trâu,1242
tuýp,1241
xách,1238
đội,1238
ngôn,1236
gà,1236
đơ,1233
lẻ,1233
lối,1231
cay,1229
tròn,1228
gi,1224
mật,1221
sung,1220
nón,1219
lon,1219
tha,1218
ki,1216
viền,1214
nhiệm,1212
lô,1208
nỗi,1207
nhảy,1207
giật,1205
gập,1198
trượt,1196
lẹ,1194
lập,1190
bo,1190
nhấn,1188
đậu,1188
inch,1187
tây,1185
dầy,1182
ngược,1179
ngũ,1179
tu,1178
thui,1178
chờn,1174
lõi,1171
hàn,1168
vợ,1168
vãi,1167
sánh,1165
lắng,1161
vượt,1157
vùng,1156
b,1155
vai,1154
mik,1152
toi,1147
khoản,1146
quang,1144
ẩn,1144
chiếu,1143
dư,1143
chừng,1142
khoan,1141
tiến,1140
phủ,1139
van,1138
xếp,1137
tôn,1137
tùy,1136
dể,1134
tôt,1133
chạm,1132
nhiê,1131
ram,1130
iphone,1130
xám,1128
chồng,1124
đẩy,1123
nền,1122
ngại,1118
srm,1114
đậy,1106
đích,1106
điển,1105
thả,1104
cãi,1103
nghệ,1101
be,1101
huhu,1100
tý,1093
nắm,1090
lá,1090
hop,1090
mệt,1089
diễn,1087
thắc,1087
lem,1085
đầm,1085
kiên,1083
luyện,1083
lười,1083
đuổi,1082
re,1081
mỡ,1081
fahasa,1073
cánh,1070
xai,1069
đai,1068
order,1067
nma,1067
ốp,1066
chữa,1065
chă,1060
dã,1060
sx,1059
noi,1057
ipad,1051
hâm,1050
vũ,1049
cừu,1047
tách,1045
hao,1043
samsung,1042
trì,1042
it,1040
táo,1040
kỷ,1039
and,1037
dạo,1034
lồng,1029
tố,1029
trụ,1028
dậy,1025
chục,1019
nhét,1017
cư,1017
vê,1016
trôi,1015
tạp,1013
kiềm,1013
khử,1012
nghiên,1012
bự,1011
chàng,1009
vâ,1009
rác,1006
like,1005
dõi,1004
dục,1003
nc,1003
phạm,1000
tv,995
lum,992
gởi,988
thich,987
biet,985
day,982
cờ,981
đọng,981
nếp,975
xứ,974
rối,971
dập,964
mối,963
trầm,963
cua,960
thang,960
thoi,959
serum,958
tuột,958
hầu,958
gồm,956
phết,956
hát,953
tùm,952
danh,952
vầy,950
sắt,949
tien,949
phá,948
hủy,945
chùi,944
sach,943
sở,941
dỏm,940
rệt,940
ẹp,938
nâu,937
lướt,937
youtube,934
mò,934
lung,932
ak,932
giấc,932
mướt,931
okay,931
trùng,927
cưng,924
nệm,924
khoáng,924
thủy,922
tựa,921
án,918
thoát,917
mm,916
vững,916
quét,911
max,909
bò,909
quấn,908
trục,907
hông,905
pro,905
cháu,902
mb,901
giầy,900
set,899
vớ,898
phiền,897
nilong,897
gương,896
qc,895
trân,893
mó,892
sổ,891
vali,891
lộn,889
bén,888
thê,887
cai,887
bận,886
triệu,885
xà,885
hic,881
cồn,877
đk,877
mút,876
lưới,876
bó,874
gàu,873
yến,873
nhôm,872
cười,872
thik,871
vứt,871
đà,870
dk,868
kênh,866
nhám,866
shopee,866
cối,865
chén,864
mốc,864
gián,862
cẩu,859
ọp,858
hên,856
nạ,855
đống,855
rãi,854
phai,852
time,851
recommend,851
phu,850
căn,850
đong,850
tiệm,849
book,848
già,846
sony,844
lật,839
trứng,839
tỏi,839
ms,839
ky,838
nghỉ,838
muộn,838
hối,838
mac,837
phẳng,836
nghiêng,836
nhg,834
gũi,833
dương,832
đam,832
xảy,831
vo,830
rât,830
nhá,829
cty,828
dừng,827
bh,825
nhuyễn,824
tg,823
đàng,819
đâ,818
báu,817
nua,817
tái,817
lă,816
ruột,815
cuộn,814
chiến,813
xưa,812
up,811
đắng,809
dinh,809
vực,807
lâ,807
cháo,807
kí,806
chà,806
thầy,805
thậm,805
đãi,804
nhi,804
diệt,802
xì,802
hiểm,801
tone,800
đắp,797
mọc,796
hè,794
khóc,793
gỡ,793
kẻ,792
kỉ,792
macbook,791
lửa,791
tỉ,791
mini,790
z,790
cốt,788
dừa,787
ngâm,786
huy,785
hon,784
phầm,784
phấn,784
chợ,781
hehe,781
giây,779
rau,778
trưng,778
tím,778
happy,777
hước,776
gắt,775
giường,771
ố,771
mu,771
phiên,770
khích,769
tp,768
hơ,768
biê,768
hắc,767
chanh,767
hậu,767
xạc,766
đành,766
khét,765
thúc,763
râu,763
pc,761
lag,761
roi,760
đương,760
trinh,759
khe,759
buộc,758
ghép,757
file,756
đĩa,756
micro,755
củng,755
vua,753
dựng,753
đằng,753
lap,751
kẹt,750
li,749
song,748
đă,745
phức,744
chênh,744
link,743
sét,743
ủ,742
vốn,740
you,738
trộm,737
nhàu,736
bia,736
free,734
vón,734
niệm,733
khúc,733
thám,728
binh,728
best,728
ngành,728
giùm,726
sương,725
made,722
type,722
sĩ,722
chát,719
xiaomi,719
ngươ,719
dãn,716
cskh,716
keigo,712
ga,712
rô,711
trò,710
nd,708
sop,707
giai,706
xây,705
trúng,703
nổ,703
very,703
giỏi,702
bê,701
nhẫn,701
bít,700
hk,700
mă,699
hcm,698
hả,698
freeship,698
nguyễn,697
lục,697
hdmi,696
tồn,695
dẹp,695
nhieu,694
thỉnh,693
ôn,689
fake,688
khu,687
doi,685
hong,682
dang,681
khuyết,680
me,680
hok,678
chay,678
quyền,677
lược,676
card,676
mail,675
mảnh,672
đính,671
anker,671
ám,671
biển,669
driver,669
postcard,668
khoai,667
win,667
cuô,667
chào,667
code,665
gu,665
im,664
ngửi,662
quê,662
covid,661
huyết,661
đung,660
đểu,660
ni,658
hoang,657
logo,656
chan,655
đức,655
tia,655
_,654
đắn,654
hũ,654
đắc,654
ngàn,654
núm,653
nản,652
nguy,651
mắm,650
tung,650
mâ,649
đào,647
senka,646
iu,646
lệ,644
note,640
phảm,639
gạt,638
súc,638
ad,636
lộ,636
buôn,636
lận,634
kiệt,634
xót,633
đươc,631
ảo,631
vở,631
chèn,631
não,630
nô,630
bã,629
vênh,629
kcn,628
luon,628
xi,627
sịn,627
trọn,626
thèm,626
môn,625
lg,623
ro,623
phú,622
cột,622
deal,621
đạp,621
giàu,620
tạ,618
sắm,618
hòa,616
lao,616
nư,615
live,615
trăm,614
sót,613
phép,613
nga,612
giong,612
nguoi,612
tổn,612
nhen,612
hụt,612
ôi,611
say,611
vợt,609
tuỳ,608
hận,608
chổ,607
dè,606
bức,606
mầu,605
giọt,605
nao,604
voucher,604
tớ,604
dạ,603
cọ,602
massage,601
khg,600
thuong,600
tgian,599
tê,599
đoán,599
hiê,599
trữ,599
ssd,598
ke,597
okela,595
quăng,595
điệp,594
nuôi,593
chép,592
cặn,592
bơi,592
đũa,591
điê,590
mẽ,589
bưởi,589
mừng,588
hê,587
ư,587
khám,587
chang,586
hủ,586
đạo,586
dat,586
lơ,585
cơn,585
lazada,584
nhái,583
rò,582
tán,581
qr,580
ngán,578
cất,578
hn,578
phi,577
chinh,573
dối,572
găng,570
tần,566
thủng,566
mày,566
xông,566
dược,565
ben,563
đinh,563
phẩn,562
vụn,561
mat,561
tồi,560
bắn,560
ong,560
lặp,560
nấc,559
sz,558
vựng,558
ngẫu,558
ngã,558
ghét,556
nảy,556
poster,555
làn,555
đùng,555
hd,551
cản,551
huỷ,551
router,550
apple,549
sứt,549
nhma,549
hổ,548
fan,548
ơ,546
mỉ,546
tâ,545
vay,545
váy,544
thuỷ,543
dau,543
sưu,542
tĩnh,541
ngón,541
cotton,540
gọng,540
tri,539
muối,539
trộn,539
nở,538
nhưg,538
thiê,538
nx,536
thở,534
gạch,534
hít,534
cồng,533
vía,532
ngu,532
comment,531
châu,531
kiê,531
tẹo,531
china,530
cát,529
tò,528
nốt,527
vuông,526
xé,526
tru,526
liệt,526
lứa,525
nại,525
luật,524
trặc,524
đè,523
xơ,523
hàg,522
f,522
kềnh,522
kiếp,521
giỏ,521
mòn,520
vu,520
nghiền,519
lm,518
chói,517
hầm,517
khiếu,516
tụt,516
mông,516
carton,516
len,515
lốc,514
thánh,514
rang,513
duyệt,512
quát,512
má,512
hdsd,511
dẻ,511
thép,509
hạ,509
cán,508
ghz,508
khai,507
chât,507
trần,507
hoà,506
oi,506
chổi,506
mền,504
hằng,504
tang,503
bik,502
vư,501
is,500
gợi,499
lê,498
mẩu,498
biên,497
quân,497
thợ,497
thói,496
com,495
gio,495
khắp,495
đàm,495
th,494
xù,492
nt,491
nxb,490
email,490
vẩn,489
lu,488
ham,487
chac,487
máu,487
ip,485
dt,485
hứa,485
zin,483
xẹp,483
hỗn,482
bắp,482
wa,482
mặn,481
that,480
hnay,480
lủng,478
vong,478
nêu,478
khói,477
sả,477
nghề,477
sac,477
ráo,475
bốc,475
khoái,475
copy,474
bỏng,474
thằng,471
đụng,471
ngực,471
vội,470
hu,470
store,470
vat,470
nhah,470
he,470
gấu,469
cậy,469
ủa,468
ru,468
mạc,468
vướng,466
chuốt,466
google,465
for,463
vichy,463
trào,463
logic,462
tefal,462
model,461
xui,460
tản,459
cường,459
mui,459
chim,458
bit,458
dựa,458
thưởng,458
tiep,455
jack,454
đục,453
óc,452
sẹo,452
bậc,452
feedback,450
nhức,450
bào,450
mh,449
biểu,448
rep,448
que,448
thom,448
tơ,447
team,447
cn,446
santiago,446
ck,445
ui,444
nháy,444
lĩnh,443
âu,443
gài,442
muỗng,441
khát,441
dell,440
te,440
thổi,440
hốt,439
mah,439
body,438
am,438
bơ,438
nhàm,437
kẹo,437
le,437
lõm,437
họp,437
bồn,436
thắt,435
loi,435
sô,435
chư,435
đấu,435
trưởng,435
đuoc,434
khuôn,434
nsx,433
hăm,433
mệnh,432
thảo,432
khối,431
trống,431
giơ,430
philips,428
chuyến,428
care,428
cmt,428
khái,428
xxl,427
nhin,425
ức,425
hằn,424
tổ,422
chiêm,422
quán,422
bẹp,421
hào,421
vc,420
sảm,419
kkk,419
tàu,419
niên,418
tuyet,418
bọn,417
rẽ,417
zalo,417
phom,416
off,415
mĩ,415
dâ,414
tq,414
mascara,413
haha,412
kiếng,411
het,411
lãng,411
pass,410
trươ,409
loạn,409
adam,409
ớt,408
toner,408
phổ,407
mảng,406
khan,406
bầu,406
sales,405
sốp,405
nhaaa,405
hdd,404
mbps,403
xí,403
them,403
đốt,402
truy,401
lém,401
highly,400
nẻo,400
toanh,400
q,400
dứt,399
nghiêm,399
lượt,398
tỏ,397
men,397
lì,396
dắt,396
cf,396
kén,396
diệu,395
vơi,394
gỉ,394
vặt,394
rạch,393
nhaa,393
clip,393
chủng,392
vệt,392
min,390
lởm,390
ph,390
lặng,389
hẹp,389
ngộ,389
hanh,389
huống,389
nguội,388
of,388
mãn,388
banh,387
tơi,387
non,386
nạp,385
lít,385
ao,385
tre,385
dọn,385
nươ,385
xương,384
gẫy,383
nge,382
nọ,382
bịt,380
android,379
soát,379
nhớt,379
ngừng,379
delay,378
phơi,377
setup,377
khiếp,376
dan,376
cấm,376
zip,375
láng,375
den,375
sảo,375
bắc,374
ktra,374
gót,374
xo,373
ngưng,373
cú,372
tỏa,371
ngọc,371
mốp,371
chỉn,371
rốt,370
muôn,370
chảnh,369
chuông,368
phâm,368
hp,367
vất,367
chớp,366
phiêu,366
phồng,365
nê,365
reset,365
moony,364
sứ,363
ngạc,363
gon,363
cào,362
tn,362
plus,361
nách,361
khoán,360
chấu,359
lầu,359
bin,358
viêm,358
vỉ,358
giang,357
đúc,357
tă,357
bô,357
xen,355
giô,355
hải,355
nến,355
lễ,354
khoác,354
hú,354
cành,354
tăm,354
khéo,354
vả,353
https,353
flash,353
tua,352
tì,352
thỏa,351
mượn,351
xướt,351
phin,351
vl,350
điên,350
khuẩn,350
tuyến,350
chích,350
mây,349
perfect,349
lột,348
adapter,348
hoay,347
cạch,347
kb,346
viê,345
dọc,344
kiti,344
nông,344
ưa,343
lay,343
phích,342
trơ,342
nhiet,342
loay,341
phan,340
khoo,339
rưỡi,338
nang,338
vãn,338
chặn,337
lẩu,337
qá,337
love,336
bại,336
văng,336
hoạch,336
chiết,336
đón,336
gòn,335
cap,335
thuần,335
bth,335
giu,334
trao,334
băn,334
trăn,334
xĩu,334
rảnh,334
tăn,334
hẫng,334
khoăn,334
cắn,333
mầm,333
dặm,333
uốn,333
thà,333
soi,332
trùm,330
gui,330
lát,330
sunhouse,330
sen,330
thách,329
vĩ,329
not,329
giảng,329
modem,328
xảo,328
nuoc,327
cd,326
khac,326
vao,326
internet,326
nghìn,326
miền,325
bu,325
nhở,325
nghiện,325
sần,325
silent,324
new,323
cước,323
chiếm,322
quãng,322
chéo,322
giâ,321
uổng,321
real,320
toả,320
trích,319
cử,319
from,319
mộc,319
thiệp,319
huyền,318
update,318
phật,318
cẩm,318
this,317
ncl,316
ren,316
kindle,315
silicon,315
gai,315
chì,315
gr,315
ẻm,314
mốt,314
ngấm,314
ghim,314
hotline,314
đẽ,313
bn,313
kiêng,312
my,312
rỏ,312
ne,311
ròi,311
ngỡ,311
đùi,311
thoang,310
xào,310
han,310
bá,310
loãng,310
â,310
nice,310
sân,309
bỉ,309
lão,309
chóp,308
tho,308
đếm,307
võ,307
sáp,307
phố,307
tuyê,306
fb,305
rót,305
dường,304
xóc,304
hieu,304
xoa,303
túm,303
xóm,303
lồi,302
lòi,301
trúc,301
hóng,301
cùi,300
siết,300
hức,299
sg,298
ngầu,298
tàng,298
nhoè,297
hub,297
cọng,296
tráng,296
tro,296
nà,296
cacao,295
rắc,295
thụ,295
sưng,295
đuôi,294
nhấp,294
sàng,294
ns,293
đan,293
thù,293
háo,292
lanh,292
giay,292
xiu,291
nă,291
ác,291
loai,290
gía,290
ghé,289
help,289
loài,288
ngoa,288
duyên,288
rong,288
ào,287
hen,287
mot,287
dí,286
lề,286
vang,286
dởm,286
product,285
thọ,285
cc,285
dĩ,285
nhóm,284
sua,284
bục,284
nỗ,283
biện,283
sọc,283
lư,282
chô,282
nylon,282
hạng,281
bùn,281
dich,281
thươ,281
luc,281
hóc,280
rành,279
tren,279
windows,279
cúc,279
rèn,278
case,278
mộ,278
tụi,278
ê,277
chui,277
gay,277
tb,277
nhiễu,276
tít,276
kịch,276
bồ,276
gan,275
bạt,275
chìa,274
fai,274
xẻo,274
tanh,274
hệt,274
fpt,273
phóng,273
hàm,273
ghiền,273
khuya,273
bão,272
cạn,272
cũg,272
giận,272
chiu,271
nít,271
thoả,271
canon,271
support,271
hịn,271
tảng,271
tuong,271
thẩn,271
rate,271
dũng,271
hqua,270
lọt,270
but,270
bẻ,270
lái,269
rán,269
sảng,269
tân,268
nhang,268
kháng,268
mài,268
xô,268
cuc,268
thưa,268
mùng,267
self,267
vien,267
chối,267
đột,267
hôn,266
cac,266
chun,266
all,266
sờn,266
ngòi,266
côn,266
xuân,266
dò,266
air,265
lún,265
cs,265
eo,263
lăm,262
giẻ,261
huynh,261
lang,261
quyê,261
tao,261
top,261
paulo,260
khao,259
seri,258
tào,258
nghèo,258
tàn,258
bối,258
phone,257
sticker,257
khoang,257
marketing,257
mall,257
viện,257
chuyê,257
gh,257
boxset,256
ngta,256
hiếm,256
khía,255
nheo,255
đx,255
khứ,254
kẽ,254
lotion,254
sharp,254
heo,254
audio,253
bitis,253
mẩn,253
tè,253
khẳng,252
gđ,251
hot,251
triệt,251
mọt,251
thoai,251
đư,250
toẹt,250
liều,250
thượng,250
chớ,249
cg,249
ầm,248
tàm,248
gậy,248
dâu,247
biếu,247
vá,247
típ,247
ron,247
bấy,247
hì,247
bâ,246
ngả,246
rượu,246
thìa,245
muô,245
mù,245
ngào,245
xốc,245
panasonic,244
đói,244
fast,244
dàn,244
uong,243
stress,243
tl,243
sh,243
tậu,243
locknlock,243
xoá,242
giam,242
bă,242
mìn,242
vã,242
ngọn,242
nhòe,242
rê,241
mến,241
móng,241
ngôi,241
bưu,240
build,240
vành,240
gắm,240
nành,239
gắp,239
quất,239
rà,238
cỏ,238
lâm,238
tôm,238
bội,238
truoc,238
apply,238
kk,238
double,237
mix,236
font,236
nchung,236
xóa,236
nhừ,236
lổ,236
coelho,236
lứt,235
bốn,235
đền,234
trồng,234
trau,233
ổng,232
chong,232
kt,232
bét,232
biêt,232
yeu,232
nan,231
nịt,231
tươ,231
website,231
să,231
facebook,231
nhặn,231
ngà,231
xát,231
gas,230
tt,230
data,230
dời,230
ny,230
ù,230
võng,229
tiễn,229
lui,229
xăng,229
phỏng,228
trội,228
ncc,228
hí,228
bùi,228
lặn,228
tuyết,227
nhiu,227
chuối,227
nhằm,226
gút,226
sạn,226
hảng,226
muon,225
trog,225
shock,225
nghịch,225
lốp,225
mập,224
tuỵt,224
nhơ,224
sốt,224
mạ,223
nhịp,223
quality,223
ngậy,223
hung,222
okk,222
đỗ,222
ngừa,221
ninh,221
nôi,221
ngửa,220
ielts,220
job,219
điệu,219
toa,219
active,218
khach,218
chời,218
nham,218
tiềm,217
ráng,217
bobby,216
huong,216
cọc,216
né,216
ngân,216
lấp,216
thiền,216
nhão,215
vitamin,215
tripod,215
ngoai,215
cau,215
khổng,214
or,214
mét,214
mộng,214
yoga,214
thuê,213
chìm,213
kít,213
aaa,213
phái,212
gym,212
mp,212
chuan,212
ngưỡng,212
luân,211
tk,211
volume,210
nhaaaa,210
quâ,210
rỗng,210
sdung,210
lều,210
nề,210
vd,210
cug,210
sườn,209
cộm,209
anessa,209
chuyen,209
hăng,209
chấn,209
lens,209
gom,209
philip,208
nhug,208
chắt,208
phẫm,207
load,207
ps,207
trắc,206
sữ,206
zời,206
coa,206
nêm,206
nhem,206
onl,205
unbox,205
smart,205
nhẹn,205
tuc,205
spham,205
ib,204
vây,204
cống,204
sướt,204
vga,204
tphcm,204
auth,203
ôk,203
chuâ,203
xôi,203
dpi,203
leo,203
ket,203
tony,203
with,203
hag,203
ngừoi,203
don,203
auto,203
rãnh,203
xỏ,203
gen,202
thải,202
wd,202
treble,202
lạt,202
thieu,202
nén,202
nhai,201
giám,201
soạn,201
giết,201
thai,201
luộc,201
khum,200
chông,200
ván,200
rv,200
haizz,200
nhắm,200
trọ,199
vp,199
túc,199
sước,198
qa,198
cham,198
tét,198
shoppe,198
nhàn,198
đẳng,197
posay,197
nhậy,197
lèo,197
sđt,197
đám,196
cún,196
giư,196
roche,196
net,196
bạch,196
chơ,196
sdt,196
vèo,195
bách,195
chưng,195
phô,195
nhấc,194
nhặt,194
tỷ,194
láo,194
nhuộm,194
giành,194
ném,194
bèo,193
vuốt,193
toshiba,193
hz,193
kq,193
bang,193
art,192
biếng,192
dỡ,192
xog,191
ngô,191
pk,191
scan,191
thây,190
đg,190
goking,190
nhạn,190
great,190
dưng,190
rinh,190
chuô,189
mười,189
nhọn,189
huggies,189
oto,189
dúng,189
đăt,189
loang,189
lậu,189
nầy,188
chần,188
okla,188
have,188
viettel,187
kẻo,187
lợn,187
cùn,187
si,187
make,187
dô,187
momo,187
nạn,187
nàng,187
standee,187
chip,187
ngư,186
doc,186
gang,186
ngây,186
ngắm,186
nức,186
rực,185
bha,185
yết,185
rổ,185
tộc,184
haizzz,184
lân,184
ân,183
vịt,183
rôi,183
hơp,183
nuối,183
xá,183
mớ,183
chửi,183
múc,183
tuệ,183
ten,183
liê,183
nguyen,183
film,182
osho,182
aa,182
brand,182
tịt,182
delivery,182
quế,182
khôn,181
search,181
seller,181
dv,181
chăc,181
connect,181
uô,181
chúa,180
toan,180
tháp,180
fom,179
bồi,179
rước,179
rcm,179
innisfree,178
xó,178
rườm,178
dien,178
phà,178
gieo,178
rao,178
nhẵn,178
paul,177
léo,177
one,177
nghẹt,177
ạh,176
xoắn,176
nấm,176
đặn,176
gớm,176
lụa,176
pepsi,176
đùa,176
xệch,176
sút,176
tươm,176
okee,176
alo,176
thác,175
chill,175
xộc,175
lồ,175
lego,175
đuọc,175
đb,174
mè,174
call,174
hãi,174
tràm,174
tikitrading,173
tip,173
add,173
giựt,172
chở,172
nhóc,172
hoan,172
nhanhh,172
rữa,172
dùg,172
mạn,172
hươ,171
rễ,171
giặc,171
key,171
chon,171
nhúm,170
vạn,170
ebook,170
thuc,169
play,169
lùi,169
hom,169
thắng,169
bat,168
hột,168
dóng,168
đóg,168
nghen,168
vĩnh,168
chuỗi,167
twist,167
okey,167
quat,167
bở,167
higashino,167
kich,166
bm,166
vẹo,166
nhằng,166
dại,166
hố,166
mem,166
thề,165
hổi,165
tù,165
lẽo,165
xỉn,165
bón,165
milo,165
as,165
đag,165
tạch,165
bẫy,165
kien,165
ướp,165
trãi,165
official,165
chuyền,165
mâu,165
tiệc,165
chx,164
service,164
xoáy,164
giấu,164
luọng,164
ahihi,164
amazon,164
lép,164
ri,163
kkkk,163
că,163
ngoái,163
nặc,163
phông,163
đít,162
quận,162
nhỡ,162
cetaphil,162
logi,162
dải,162
sam,162
lượn,161
buông,161
series,161
hoả,161
đanh,161
tỉa,161
rộn,161
coupon,160
milaganics,160
trận,160
dồi,160
chẽ,160
vé,160
rỡ,160
mỳ,160
lúa,160
khơi,159
head,159
đồn,159
cl,159
tật,159
serial,159
rêu,159
vù,158
đấm,158
neu,158
post,158
trật,158
nong,158
đốm,158
đút,158
mih,158
dốc,158
đệp,158
sập,157
by,157
quyến,157
lằn,157
mơi,157
ap,157
rata,157
read,157
chè,156
nẵng,156
kiem,156
lằng,156
ace,156
mồi,156
dạn,156
gă,156
súng,156
cable,155
lieu,155
ugreen,155
vietnam,155
nch,155
bọ,155
giở,155
finish,155
đỉm,155
nỉ,155
hẵn,155
kaka,155
ngan,155
sưởi,155
siêng,154
kin,154
độn,154
mjh,154
hada,154
vcl,154
vương,154
switch,153
mark,153
hs,153
trể,153
chuôi,152
giò,152
sạt,152
đúg,152
thiểu,151
chậu,151
kìm,151
high,151
omo,151
chừ,151
gâ,151
nna,151
cợn,151
vươn,150
ezviz,150
nhiễm,150
ndung,150
tụ,150
trẻo,150
out,150
rã,150
nỡ,149
trày,149
gaming,149
sandisk,149
tênh,149
loạt,148
mún,148
xích,148
phấm,148
vv,148
sặc,148
happylive,148
coffee,148
khuất,148
cáu,147
hổng,147
spa,147
tròng,147
cày,147
mode,147
vung,147
trg,147
đẻ,147
xê,147
ghn,146
ngập,146
lăng,146
clear,146
viet,146
nhien,146
trương,146
teen,146
nhồi,146
gô,146
dồn,146
home,146
họng,145
run,145
lệnh,145
vỗ,145
choi,144
úp,144
tmđt,144
dth,144
lẫy,144
lua,144
rui,144
thong,143
bế,143
bill,143
miên,143
durex,143
tưa,143
mom,143
ngo,143
kềm,142
down,142
nu,142
bảy,142
sủ,142
receiver,142
tplink,142
khoe,142
gầu,141
thăm,141
qúa,141
bla,141
tag,141
gừng,141
vấp,140
mời,140
edm,140
mãnh,140
vác,140
haiz,140
hắn,140
okkk,140
bú,140
dĩa,140
nâ,140
nhè,140
ji,140
suông,140
úc,140
sk,139
cưa,139
cóc,139
rũ,139
hoat,139
zui,139
download,139
còi,139
plastic,139
thơi,139
khôg,138
tieng,138
dươ,138
chiê,138
gòi,138
cúp,138
gư,138
rì,138
well,138
cpu,137
sùi,137
hsau,137
dưa,137
jean,137
bênh,137
design,137
đua,137
bkav,137
back,137
bả,137
biếc,137
gù,137
thịnh,137
pr,136
conan,136
bluestone,136
pad,136
hôp,136
robot,136
hoảng,136
fullbox,136
mủ,136
lãnh,136
lien,136
nhat,136
nhả,136
hg,136
nới,135
cat,135
ik,135
hỏa,135
vk,135
cộc,135
thung,135
id,135
recommended,135
hợt,135
làng,135
black,135
thối,135
must,134
mư,134
super,134
thăng,134
thản,134
quật,134
tót,134
phao,134
tùng,134
mask,134
sn,134
deo,134
bún,134
chut,134
đuợc,133
miết,133
webcam,133
gỏi,133
bai,133
thờ,133
sieu,132
khang,132
cụm,132
hộc,132
ac,132
bonus,132
lấn,132
cach,132
két,132
trại,132
giông,132
ghe,132
bk,131
kaki,131
socola,131
rởm,131
asus,131
đớn,131
duong,131
much,131
giắc,131
zoom,131
nguyện,130
labo,130
nám,130
format,130
nợ,130
your,130
tc,130
nẹp,130
hat,129
nẻ,129
gg,129
side,129
rủi,129
thầm,129
hùng,129
silcot,129
tứ,129
bùng,129
makeup,128
rỗi,128
xộn,128
lách,128
qui,128
uv,128
hix,128
đuối,128
điền,128
đoi,127
nau,127
lắmmm,127
ruồi,127
toc,127
đỗi,127
photo,127
trừu,127
dì,127
gd,127
dock,127
rạc,127
use,127
meo,127
ss,126
cự,126
miê,126
tháy,126
bộc,126
repeater,126
niu,126
nhó,126
speed,126
gioăng,126
trề,126
tnao,126
airpod,126
phuc,126
rơ,125
bom,125
mouse,125
cool,125
pải,125
thớt,125
bosch,125
xém,125
loáng,125
laneige,125
quái,124
naoko,124
jo,124
price,124
hoen,124
lh,124
fahasha,124
ò,124
ngậm,124
ngợi,124
hêt,124
cover,123
gác,123
đằm,123
tuâ,123
bj,123
nhẽ,123
rìa,123
khâm,123
ngấy,123
hiu,122
ln,122
lõng,122
chợt,122
chạp,122
nuốt,122
đét,122
inbox,122
gặm,122
tiệt,122
đả,121
sỹ,121
thailand,121
gân,121
sếp,121
trán,121
ngách,121
fit,121
đéo,121
dội,121
ios,121
thgian,121
luônnn,120
choice,120
main,120
bus,120
quỷ,120
đâm,120
nghiê,120
sáu,120
quỳnh,120
hihihi,120
nưa,120
viễn,120
tuyêt,120
bụp,120
ngóng,119
đat,119
pp,119
ts,119
cream,119
vườn,119
cằm,119
amazing,119
oh,119
gìn,119
mí,119
truyê,119
hayy,118
lố,118
oder,118
dam,118
gao,118
rích,118
khiết,118
đh,118
núi,117
ngoan,117
life,117
búa,117
cở,117
cương,117
giup,117
page,117
chóc,117
zezé,117
bye,117
ct,116
suôn,116
brother,116
phộng,116
bạo,116
chug,116
anten,116
tá,116
hă,116
st,115
ốm,115
dug,115
xuâ,115
dẽ,115
nặn,115
toang,115
chầy,115
sv,115
chao,115
cv,114
collagen,114
thí,114
gioa,114
ửng,114
xx,114
hut,114
oan,114
smartphone,114
ngõ,114
fm,113
gmail,113
tuyển,113
hđ,113
phán,113
cò,113
vắn,113
mẹo,113
túng,113
chuot,113
yoosee,113
ngơ,113
lấm,113
ạaa,113
gọt,113
riết,113
đòn,113
tráo,112
tắn,112
giáp,112
ươ,112
vip,112
sông,112
queo,112
chặng,112
dòn,112
radio,112
thía,112
vâng,112
maybelline,112
oy,112
sip,112
mid,112
quài,112
lộc,111
xăm,111
ó,111
thiet,111
bb,111
oải,111
sệt,111
virus,111
nhỉnh,111
cụt,111
đoc,111
retinol,111
rư,110
merries,110
sấu,110
bad,110
bỗng,110
ngần,110
digiworld,110
hỉnh,110
lắmm,110
nụ,110
khuy,110
đẹo,110
lưa,110
jbl,110
ké,110
đặng,110
xuat,109
kute,109
chít,109
sẩn,109
yê,109
first,109
tră,109
kit,109
nhánh,109
mint,109
bthg,108
khuyen,108
parroti,108
thick,108
nhô,108
power,108
mop,108
japan,108
vượng,107
bềnh,107
giấm,107
sâm,107
loá,107
ừ,107
phiu,107
okok,107
kiêm,107
chừa,107
otp,107
té,107
băm,107
tac,106
deu,106
view,106
word,106
hjhj,106
sata,106
khoảnh,106
ngàng,106
quánh,106
hói,106
are,106
oppo,106
hé,106
nhộn,105
tuýt,105
tab,105
phẫu,105
canxi,105
lunn,105
lùng,105
chap,105
gift,105
diều,104
ngàm,104
ksao,104
thks,104
cạp,104
sáo,104
khau,104
packaging,104
arabica,104
hán,104
nẩy,104
xư,103
đễ,103
galaxy,103
nhủ,103
senko,103
khuếch,103
xắc,103
casio,103
chày,102
lóa,102
đắm,102
baby,102
thg,102
ion,102
ping,102
trăng,102
xao,102
bcs,102
bặm,102
tranding,102
band,102
www,102
ninja,102
chánh,102
hưng,101
lặt,101
vani,101
blutooth,101
karaoke,101
thạch,101
nek,101
watch,101
nai,101
mõng,101
sụt,101
milk,101
pho,101
lờ,101
skin,101
boc,101
ăng,101
thon,100
was,100
gam,100
wow,100
mẫn,100
nhoa,100
tarot,100
bẩy,100
tèo,100
gầm,100
nhâm,100
thíc,100
musso,100
chuc,100
nhanhhh,100
xìu,100
nhaaaaa,100
dieu,100
nghiến,100
bờ,100
zeze,100
gram,100
tiktok,100
ùi,100
dove,99
xs,99
hiền,99
chiêu,99
lổi,99
xế,99
vó,99
thỏi,99
calo,99
rọc,99
rgb,99
gioi,99
thập,99
khập,99
tong,99
pu,99
tenda,99
plot,99
trê,98
tưới,98
astra,98
lol,98
ngất,98
xạ,98
vàn,98
okila,98
cắp,98
kép,98
om,98
buy,98
ồ,98
hien,98
vách,98
tour,98
tablet,98
gờ,98
rén,98
okkkk,98
ngấu,98
blue,98
thiêu,98
luônn,97
mươi,97
cởi,97
nãy,97
works,97
căm,97
kieu,97
tạng,97
suýt,97
hãm,97
nhúng,97
thuoc,97
muc,97
chêm,97
nấp,97
mak,96
quẹt,96
tiệp,96
rừng,96
rạng,96
dẹt,96
tuân,96
mủn,96
lũ,96
number,96
cúng,96
sọt,96
evoluderm,96
thỏ,96
xuôi,95
vè,95
phut,95
cang,95
khoing,95
phèn,95
work,95
oe,95
bỡ,95
express,95
fix,95
nhie,95
pdf,95
cb,95
ổi,95
admin,95
lánh,95
dặt,95
dượng,94
đoàn,94
youtu,94
friday,94
mìh,94
bập,94
rua,94
hayyy,94
trư,94
mị,94
shops,94
luồn,94
nghĩnh,94
chọc,94
cưỡng,94
omachi,94
laroche,94
môt,94
ngạn,93
nhát,93
liễu,93
veo,93
bồng,93
ghém,93
ạk,93
text,93
zalopay,93
keng,93
ran,93
zị,93
ờ,93
ấu,93
măng,93
buô,93
thêu,93
sủi,93
trốn,93
ngựa,93
thoái,92
hiếu,92
wax,92
gt,92
rap,92
ll,92
xửng,92
omron,92
lich,92
dẫu,92
gò,92
hem,91
sf,91
bịp,91
rào,91
pm,91
lường,91
dnee,91
navy,91
lượg,91
matxa,91
mồm,91
vna,91
kingston,91
nể,91
mạo,91
mlem,91
yen,91
phat,91
hiến,91
shopp,90
khấu,90
điểu,90
giục,90
dứa,90
viu,90
thien,90
cướp,90
quí,90
nghẻ,90
gánh,90
ngóc,90
sl,89
ráy,89
nokia,89
tệp,89
rỗ,89
dp,89
chườm,89
mỏ,89
star,89
hóm,89
content,89
nhí,89
mưu,89
đồi,89
sẳn,88
okeee,88
tsubaki,88
basic,88
window,88
pond,88
tẩm,88
tành,88
pay,88
vắng,88
luônnnn,88
xinhh,88
vức,88
tie,88
tuyp,88
phạt,88
ultra,88
at,88
paula,88
bar,88
lét,87
tẩu,87
vinh,87
ensure,87
đạm,87
skincare,87
quạu,87
thuẫn,87
nhuận,87
mâm,87
dx,87
share,87
tuan,87
hắt,87
option,87
xb,87
everon,87
ich,87
face,87
highland,87
xạo,87
nhảm,86
nôn,86
charge,86
éo,86
xưởng,86
lờn,86
nơ,86
hae,86
hiệp,86
thiếc,86
td,86
dấn,86
víu,86
organic,86
uki,86
cót,85
lunnn,85
gủi,85
tưng,85
mấu,85
vnd,85
nắn,85
trá,85
boot,85
luợng,85
bầy,85
ấp,85
lit,85
dãy,85
gtgt,85
complain,85
will,84
zô,84
đạc,84
kíp,84
bướm,84
xac,84
mesh,84
miến,84
thât,84
fps,84
nhiêt,84
kô,84
pack,84
tat,84
abel,84
bến,84
triê,84
phàm,84
ộp,84
gộp,84
đay,84
dỗ,84
nhanb,83
vera,83
sụp,83
mieng,83
hớt,83
phượt,83
choáng,83
flashcard,83
hường,83
địch,83
lot,83
bệt,83
motor,83
ngài,83
lơi,83
cuồng,83
big,83
elio,83
mươ,83
tips,83
tổt,83
gầy,82
cúi,82
wireless,82
magic,82
totolink,82
đọ,82
òi,82
toits,82
gất,82
troi,82
port,82
nhèo,82
cứt,82
tiêp,81
hẵng,81
ii,81
atm,81
bon,81
aqua,81
cõi,81
laser,81
thắm,81
kp,81
deli,81
nhẽo,81
bvs,81
rủ,81
hỉu,81
gióng,81
listerine,81
măc,81
điêu,80
hẻm,80
cằn,80
nhac,80
chocolate,80
sorry,80
mải,80
điếc,80
true,80
cuống,80
xưng,80
sunlight,80
ngươi,80
è,80
bot,80
khiê,80
pubg,80
fami,80
thòi,80
oce,80
xéo,80
murakami,80
náy,80
how,80
gồ,80
hipp,79
trỏ,79
holmes,79
hiêu,79
xcm,79
oxy,79
flashsale,79
lây,79
nhũ,79
baseus,79
ỉu,79
tà,79
chém,79
style,79
lóc,79
tướng,78
síp,78
name,78
nhay,78
nhon,78
tẹt,78
classic,78
sầu,78
bậy,78
ranh,78
chuộng,78
ngốc,78
shoppee,78
xau,78
list,78
howl,78
nhòm,78
đựơc,78
đên,78
gold,78
ngơi,78
cạy,78
xit,77
netflix,77
lạng,77
yc,77
xiết,77
nhào,77
nckd,77
há,77
càn,77
chau,77
thốt,77
sms,77
pit,77
version,77
really,77
pastel,77
vói,77
ú,77
kiêu,77
balô,77
orico,77
mói,77
sục,77
ngột,77
khuyê,77
mbs,77
cóng,77
hoãn,77
cưới,77
midoctor,76
sapiens,76
stars,76
cuon,76
chen,76
hửng,76
hò,76
just,76
cốp,76
khoét,76
ớn,76
hờ,76
tép,76
vđ,76
zay,76
same,76
bổng,76
light,76
scroll,76
tòi,76
uwu,76
healthy,76
vò,76
điềm,76
easy,76
ks,76
trụi,76
át,76
gê,75
too,75
trụa,75
giử,75
dac,75
đở,75
nhích,75
đẹpp,75
som,75
bãi,75
mổ,75
cẫn,75
nhanhhhh,75
đao,75
chấy,75
sịt,75
brown,75
tệqúa,75
nộ,75
sành,75
pos,75
thụt,75
chốc,74
háng,74
mách,74
offline,74
cp,74
gud,74
when,74
xức,74
hâ,74
clean,74
if,74
mắng,74
kiu,74
mon,74
tikipro,74
chup,74
thít,74
mọng,74
sên,74
lức,74
luồng,74
lửng,74
bl,74
sảy,74
loan,74
quạo,73
microsoft,73
phì,73
cmnd,73
nhị,73
huhuhu,73
sụng,73
thoii,73
pop,73
vớt,73
khiêng,73
lắmmmm,73
nuột,73
ạa,73
extra,73
us,73
cod,72
low,72
lùn,72
trét,72
khép,72
mr,72
mõi,72
ngáy,72
đẹppp,72
mun,72
bộn,72
buốt,72
phillips,72
hii,72
kêt,72
rấ,72
kìa,72
xinhhh,72
sherlock,72
airpods,72
hoc,72
books,72
thic,72
sộ,72
lata,72
nhứt,72
xoăn,71
menu,71
bạ,71
phe,71
nap,71
tuô,71
hq,71
rải,71
quẩn,71
bưng,71
lừng,71
more,71
rét,71
xet,71
rượi,71
sendo,71
bthuong,71
nghiệt,71
ngă,70
rùa,70
vol,70
dõm,70
ngừi,70
ear,70
khốn,70
seo,70
nano,70
cạ,70
sofa,70
trk,70
rẹt,70
uyên,70
cụp,70
mag,70
decor,70
nhê,70
thuở,70
đát,70
hack,70
khoi,70
zậy,69
thố,69
tỳ,69
sác,69
macos,69
kmai,69
vina,69
đốc,69
xh,69
đẫm,69
nhanhhhhh,69
tes,69
manga,69
cerelac,69
ị,69
tiross,69
ớ,69
macca,69
thắp,69
fail,69
hiên,69
sẫm,69
teo,69
sến,69
èo,69
boss,69
idol,69
cồi,69
nùi,69
hoành,69
ngắc,69
sủa,68
giáng,68
wá,68
gí,68
obi,68
loc,68
ối,68
dằn,68
vjp,68
toilet,68
dề,68
tiet,68
míc,68
item,68
rầm,68
lạy,68
fi,68
mả,68
mêm,68
phậm,68
nb,68
tát,68
tậm,68
tôta,68
chùm,68
chưởng,68
lúm,67
nướu,67
reading,67
surface,67
korea,67
hèn,67
nem,67
lú,67
út,67
thúi,67
drive,67
vũng,67
nhă,67
what,67
lài,67
chót,67
tấy,67
gã,67
đố,67
hh,67
gõi,67
toát,67
bim,67
hoă,67
hãnh,67
btw,67
tám,67
dúm,67
hangg,67
nhua,67
dánh,67
vde,67
chước,67
news,67
bích,67
lạm,66
hiuhiu,66
vôi,66
vinaphone,66
óng,66
matcha,66
lồn,66
mobifone,66
deco,66
mx,66
caddy,66
thix,66
trọi,66
hạp,66
saoo,66
măt,66
inches,66
anime,66
sunplay,66
hạo,66
nhĩ,66
toeic,66
mgg,66
dử,66
asa,66
firo,66
vit,66
malaysia,66
kkkkk,66
giat,66
kd,66
rọi,65
resort,65
nhueng,65
electrolux,65
nhậu,65
nhũn,65
lứm,65
giă,65
khốc,65
sãn,65
rạp,65
xoong,65
honda,65
nhành,65
afghanistan,65
mobile,65
nut,65
cói,65
show,65
group,65
liêu,65
saooo,65
tuoi,65
sán,65
oem,65
rấy,65
sleep,65
chieu,65
huế,65
mitsubishi,65
dệt,65
bàng,65
đongs,65
chuộc,65
ọk,64
cr,64
thỳ,64
xổ,64
bư,64
shipping,64
lính,64
đạn,64
william,64
tapo,64
múa,64
dum,64
kn,64
bới,64
singapore,64
sound,64
khắt,64
trạm,64
house,64
xâu,64
xâ,64
ton,64
khônh,64
mỏngquá,64
cớ,64
mjk,64
đũng,64
quick,64
rồ,64
office,63
ngot,63
rach,63
rạn,63
xèo,63
white,63
sậm,63
agatha,63
vtv,63
kẽm,63
khuấy,63
nực,63
jnt,63
huawei,63
pd,63
zai,63
snack,63
uh,63
nestle,63
bs,63
phễu,63
sanh,63
lẹo,62
dụg,62
sưa,62
thục,62
luu,62
xươ,62
master,62
nếm,62
gboard,62
decal,62
shoop,62
gém,62
sâ,62
súp,62
hét,62
bam,62
đoạt,62
htrc,62
nhằn,62
mieu,62
huyện,62
từa,62
write,62
biti,62
cloud,62
xoài,62
espresso,62
cộp,62
nhại,62
dua,62
xẹt,62
gục,62
moon,61
lâng,61
wi,61
lóng,61
khống,61
hadalabo,61
mỉm,61
hc,61
speedtest,61
giã,61
ken,61
gap,61
english,61
sạm,61
ep,61
dản,61
bõ,61
nn,61
anyway,61
chata,61
bjo,61
xàm,61
lạch,61
mao,61
ce,61
hum,61
healing,61
xink,61
hân,61
hayyyy,61
spoil,60
dem,60
rắp,60
ế,60
buffet,60
gượng,60
bừng,60
qué,60
ngộp,60
adler,60
dvd,60
buon,60
qcao,60
vảy,60
look,60
giời,60
biét,60
sting,60
royal,60
lỳ,60
vaseline,60
keu,60
sock,60
dl,60
firmware,60
diệp,60
aha,60
many,60
king,60
đùn,60
tịnh,60
nhẹp,60
lươn,60
okkkkk,60
bễ,60
tbc,60
nóc,60
space,60
headphone,59
ngạt,59
hấu,59
nhue,59
cbi,59
khinh,59
gặt,59
giac,59
đepj,59
gs,59
fatima,59
sâch,59
oliver,59
giũ,59
archer,59
nhưnh,59
đẹpppp,59
vần,59
sừng,59
duỗi,59
okii,59
sượng,59
linux,59
treb,59
thoạt,59
hòng,59
nghẽn,59
thinh,59
bas,59
kane,59
kình,59
chọi,59
pe,59
khiễng,59
nhì,59
nike,59
start,59
cmn,59
dẩn,59
karofi,59
ươm,59
tmdt,59
xd,58
suối,58
ngầm,58
shit,58
vùa,58
clock,58
sakos,58
rấc,58
arm,58
only,58
bjk,58
phở,58
cưc,58
ơii,58
tap,58
imou,58
viec,58
đág,58
lavender,58
mog,58
lòg,58
tki,58
sói,58
foam,58
dg,58
mia,58
mèm,58
khôi,58
uông,58
sample,58
vch,58
nhịn,58
wf,58
little,58
dàu,58
tắp,58
tóe,58
guao,58
caphe,58
wan,57
gán,57
thạn,57
mart,57
chốn,57
móm,57
trâ,57
device,57
lở,57
rẩt,57
vinamilk,57
ă,57
câm,57
tuấn,57
nk,57
ngỏ,57
tựu,57
hj,57
phác,57
red,57
spc,57
tikki,57
keyboard,57
thiu,57
trồi,57
trĩ,57
rờ,57
tấu,57
haruki,56
luo,56
đũi,56
gợn,56
allan,56
cuo,56
elmich,56
digital,56
ehon,56
nhuần,56
ngó,56
dâng,56
av,56
nhee,56
đóm,56
đòng,56
green,56
dex,56
ỗn,56
sat,56
lè,56
lả,56
đẹ,56
lác,56
trệt,56
duo,56
trend,55
nobel,55
phó,55
quéo,55
nka,55
xệ,55
lúng,55
ả,55
lã,55
lẹt,55
hoac,55
about,55
bui,55
lightning,55
ox,55
goods,55
ọ,55
reo,55
rộp,55
lùa,54
pi,54
amir,54
paperwhite,54
chình,54
gps,54
level,54
mood,54
promax,54
fresh,54
thit,54
lãi,54
sub,54
enter,54
thạo,54
abc,54
thổ,54
xuô,54
gôm,54
hl,54
cushion,54
sỡ,54
defect,54
ka,54
phillip,54
take,54
rụm,54
gốm,54
comet,54
over,54
hái,54
khánh,54
dế,54
ơiii,54
via,54
nude,54
lự,54
moca,54
thoy,53
hangf,53
vát,53
fine,53
ddr,53
excel,53
dăm,53
edit,53
package,53
đm,53
vsmart,53
bừa,53
next,53
cảo,53
downy,53
os,53
inh,53
khâ,53
khựng,53
gãi,53
we,53
highlands,53
saoooo,53
ᴗ,53
zing,53
toé,53
lội,53
lám,53
rùng,53
hiii,53
đàu,53
tột,53
oxi,53
namiya,53
mần,53
mụi,53
hơm,53
diem,53
vạy,53
oc,53
dhc,52
fx,52
mãu,52
kiều,52
setting,52
cheap,52
chắp,52
râm,52
eq,52
nì,52
roài,52
ngâ,52
voice,52
ná,52
sì,52
nhổ,52
đonga,52
redmi,52
sột,52
chs,52
sóp,52
acnes,52
ngoi,52
hưu,52
nuong,52
highlight,52
hục,52
output,52
hunter,52
nịch,52
thpt,52
hannibal,52
natural,52
xấp,52
đon,52
upload,52
diu,52
ngát,52
fn,52
kaspersky,52
hm,52
ths,52
váng,52
rĩ,52
hạch,52
chàm,51
ver,51
rồng,51
pt,51
chẵn,51
tick,51
sr,51
selsun,51
phốt,51
mịt,51
kỉnh,51
nhợ,51
trợt,51
loreal,51
lạp,51
xiên,51
usa,51
packing,51
block,51
săc,51
robusta,51
lênh,51
thớm,51
ắt,51
hsk,51
phế,51
thò,51
some,51
phất,51
mjnh,51
vă,51
sezi,51
đơi,51
sandal,50
ló,50
sexy,50
vid,50
xg,50
gá,50
tốttốt,50
rw,50
quắn,50
backup,50
chác,50
thẳm,50
inverter,50
tràng,50
bầm,50
massa,50
ven,50
gấc,50
rj,50
suc,50
noel,50
quad,50
far,50
bep,50
dm,50
chét,50
phả,50
hoy,50
ưi,50
vưa,50
muot,50
class,50
tgdd,50
ips,50
random,50
dách,49
pate,49
okokok,49
sandwich,49
gumac,49
mém,49
thuô,49
chie,49
homo,49
evo,49
hahaha,49
hớ,49
tẻ,49
die,49
bitex,49
nhưa,49
crush,49
kèo,49
ạaaa,49
rules,49
has,49
gảy,49
sohp,49
bua,49
cuôn,49
ră,49
nhợt,49
ngợm,49
wc,49
rợn,49
nháp,49
siuu,49
rập,49
follow,49
quyen,49
đái,49
um,49
ray,49
ngụ,49
lọai,49
fs,49
chien,48
pause,48
tron,48
ẹc,48
boi,48
quyên,48
bíp,48
láp,48
gữi,48
khoát,48
ẹt,48
wed,48
biếm,48
takako,48
christie,48
dít,48
luông,48
excellent,48
ừm,48
phường,48
địu,48
ht,48
hây,48
xinhhhh,48
thomas,48
bệ,48
truyen,48
thiêng,48
ninjavan,48
ichimoku,48
lnl,48
muaaa,48
tech,48
rắm,48
thưc,48
moc,48
mibox,48
maxell,48
lite,48
quẹo,48
khấc,48
dom,48
tran,48
soft,48
gimbal,48
tặg,47
there,47
lào,47
display,47
lượm,47
abbott,47
diê,47
trl,47
nestlé,47
dark,47
búp,47
nhăng,47
comfort,47
trade,47
tiky,47
nhõm,47
they,47
thuế,47
nghẹn,47
tik,47
trấn,47
fanpage,47
nạt,47
dãi,47
khuyễn,47
sẩy,47
càm,47
lcd,47
quýt,47
dòm,47
nhaaaaaa,47
tieu,47
quyet,47
tước,46
tube,46
máng,46
hàu,46
bv,46
tuyên,46
chãi,46
cup,46
hoai,46
hoại,46
vintage,46
icheck,46
mẩy,46
nhạnh,46
bgio,46
đò,46
rohto,46
after,46
muaa,46
slide,46
thình,46
khă,46
hand,46
tiêm,46
bg,46
thuâ,46
bjt,46
harari,46
desktop,45
nghia,45
verry,45
jomi,45
ngủi,45
tuôn,45
mhanh,45
nghê,45
gíao,45
rin,45
relax,45
mt,45
đoan,45
nũa,45
đượm,45
limited,45
short,45
khoắn,45
maybeline,45
uu,45
đie,45
tấn,45
tiêng,45
thă,45
ngăm,45
nhượng,45
ủy,45
vnpt,45
tool,45
lẫm,45
soda,45
chìu,45
lỉnh,45
xắt,45
spf,45
eco,45
computer,45
kề,45
chiec,45
thinkpad,45
disconnect,45
đưng,45
bich,45
hợ,45
pana,45
thốn,45
mít,45
rot,45
nghành,45
cặc,45
rầu,44
shoppp,44
ói,44
bửa,44
chặc,44
lop,44
beauty,44
xọc,44
chĩnh,44
qq,44
html,44
nm,44
dốt,44
again,44
trùi,44
chững,44
khơ,44
khùng,44
mơn,44
gật,44
haizzzz,44
cọt,44
đth,44
vờioke,44
line,44
cold,44
ghẻ,44
omg,44
gôd,44
vie,44
pencil,44
khỉ,44
thán,44
channel,44
húc,44
nhường,44
lợ,44
hoán,44
hayyyyy,44
vế,44
trêu,44
vỏn,44
sport,44
pít,44
npp,44
lcl,44
tracking,44
fa,44
sắn,44
xỉ,44
giói,44
tìn,44
vinmart,43
ghề,43
lũng,43
dão,43
caryn,43
kulzsc,43
trươc,43
unilever,43
đv,43
harvest,43
giốg,43
rubik,43
dựt,43
sophie,43
listening,43
fe,43
xít,43
lỏi,43
lagihitech,43
đmx,43
nhớp,43
omega,43
shope,43
nhản,43
ì,43
sỉ,43
done,43
typec,43
phiê,43
niêu,43
tym,43
adaptor,43
thôn,43
gàn,43
because,43
vụng,43
tet,43
hmm,43
sùng,43
ω,43
dui,43
clo,43
fullhd,43
nhọc,43
lũy,43
khờ,43
water,43
nươc,43
sneaker,43
please,43
map,42
nheee,42
burn,42
mận,42
anw,42
shield,42
ngốn,42
khoanh,42
hều,42
kangaroo,42
iii,42
met,42
triều,42
khoen,42
sipper,42
bần,42
tởm,42
nganh,42
rio,42
xén,42
smooth,42
blog,42
klq,42
truc,42
lơn,42
dạt,42
tich,42
cuốc,42
khiên,42
visa,42
ới,42
dào,42
ibuka,42
xị,42
ắc,42
ua,42
its,42
pé,42
ruốc,42
muội,42
gopro,42
niềng,42
hehehe,42
thưn,42
money,42
huu,42
vể,42
dthw,41
en,41
energizer,41
password,41
mía,41
op,41
thiệc,41
remix,41
ceo,41
ròng,41
mọ,41
okei,41
hnagf,41
newbie,41
chấ,41
times,41
truong,41
canada,41
mobi,41
lăp,41
túy,41
salon,41
dip,41
nhũng,41
đén,41
tôtd,41
àh,41
sào,41
lrp,41
rock,41
mứt,41
kiki,41
ipm,41
xừ,41
nàu,41
phổi,41
đui,41
xuong,41
rộ,41
ũng,41
núc,41
nvgh,41
barcode,41
hẳng,41
lắt,41
then,41
indonesia,41
mớp,41
luoi,41
log,41
xua,41
cook,41
nhắt,41
chòi,41
bùa,41
cữ,41
tống,41
cubgx,41
dộ,41
markbook,40
hốc,40
yuumy,40
bac,40
uk,40
hafele,40
rây,40
mc,40
nhièu,40
acid,40
lia,40
coong,40
dj,40
brew,40
feel,40
tvt,40
nhât,40
mhz,40
confirm,40
try,40
lunnnn,40
ursa,40
ravpower,40
ẻ,40
năn,40
hiao,40
rận,40
đật,40
bolero,40
xm,40
layout,40
vest,40
ds,40
pik,40
tựnội,40
pair,40
cứa,40
chrome,40
piano,40
trieu,40
ọt,40
nhột,40
lac,40
giap,40
khuynh,40
monitor,40
nhoáng,40
châc,40
nvien,40
poscard,40
shipped,40
johnson,40
đeph,39
phước,39
chin,39
pơ,39
chôn,39
thúy,39
coppy,39
gaio,39
sida,39
daikin,39
hờn,39
vin,39
bành,39
end,39
db,39
chộp,39
lươngj,39
xiền,39
mội,39
vnđ,39
drama,39
rông,39
nhún,39
imei,39
ỏ,39
muoi,39
sin,39
wacom,39
az,39
simple,39
phiến,39
thie,39
ưnggg,39
freesize,39
bươm,39
gjao,39
pa,39
thỏm,39
nhện,39
vờ,39
nyc,39
touch,39
ún,39
đực,39
dỗi,39
dag,39
quoc,39
ngợp,39
texture,39
què,39
input,38
xẹo,38
even,38
tray,38
mướp,38
soc,38
vạt,38
report,38
dual,38
sấp,38
dă,38
nhiểu,38
hấn,38
vvv,38
khẩn,38
xâm,38
rình,38
phil,38
bươ,38
giàn,38
media,38
kid,38
drum,38
nĩa,38
soạt,38
sịp,38
cfe,38
trù,38
calbee,38
know,38
sơm,38
xxxl,38
small,38
bẩm,38
vđề,38
hangd,38
hdv,38
point,38
taplo,38
choàng,38
thau,38
ppw,38
daisy,38
thuyền,38
hog,38
chơn,38
coca,38
chớt,38
topic,38
nhamh,38
xịnnnn,38
phanh,38
unseal,38
dia,38
đựoc,38
totto,38
chằng,38
diếp,37
thắn,37
ord,37
au,37
sap,37
thiêt,37
vọc,37
nãn,37
thòng,37
nhấm,37
rats,37
hị,37
bx,37
sgk,37
vx,37
came,37
aeon,37
plug,37
disk,37
mề,37
gthieu,37
bịnh,37
lừ,37
xẻ,37
base,37
nhann,37
see,37
okeeee,37
writing,37
nhak,37
tốtt,37
ợ,37
nee,37
nháo,37
lọn,37
liêng,37
beautiful,37
chats,37
thânn,37
tress,37
lụm,37
nhx,37
ghềnh,37
ab,37
gion,37
xáo,37
mario,37
bikini,37
ol,37
get,37
toà,37
trám,37
thính,37
chẻ,37
kakaka,37
tuỵet,37
still,36
qt,36
za,36
còng,36
mé,36
bói,36
nguô,36
phâmt,36
normal,36
dấm,36
dơi,36
noise,36
mụt,36
ghia,36
strongbow,36
nương,36
chuân,36
lọi,36
nọi,36
thuơng,36
cccd,36
găm,36
rưng,36
mồng,36
vkl,36
gim,36
asia,36
avene,36
swing,36
bời,36
livestream,36
nhẩy,36
oreal,36
hello,36
nguời,36
tumbler,36
tóit,36
mha,36
dổm,36
khj,36
ồm,36
akg,36
khiếm,36
kiển,36
ục,36
androi,36
lenovo,36
valy,36
moka,36
dr,36
zo,36
nhuốc,36
silicone,36
đẹppppp,36
kkkkkkkkkk,36
xuông,36
premium,36
rắt,35
rột,35
mama,35
nhói,35
nhác,35
nhíp,35
rôm,35
khôbg,35
nhưbg,35
control,35
dot,35
user,35
lết,35
protein,35
bât,35
ơiiii,35
dn,35
đúp,35
nhed,35
đac,35
delivered,35
tikicare,35
ứ,35
sun,35
ahop,35
right,35
nồm,35
đọt,35
ngonnnnn,35
diana,35
chầm,35
hẫn,35
chội,35
vịn,35
sáh,35
dát,35
tú,35
mkt,35
cungz,35
ròii,35
unifying,35
đềm,35
maximum,35
contact,35
hie,35
std,35
ngừ,35
mât,35
tịki,35
sảnh,35
bệch,35
robert,35
hsg,35
sure,35
config,35
khắn,35
any,35
dâm,35
cardina,35
tấc,35
dgw,35
gâu,34
shippe,34
eat,34
đónh,34
sw,34
quite,34
heisuke,34
chet,34
tote,34
ukie,34
baoh,34
đấng,34
phẫn,34
lẩn,34
nghiem,34
mkns,34
bubble,34
goood,34
xới,34
kick,34
picnic,34
tum,34
tièn,34
cuoc,34
xr,34
zise,34
tether,34
oặt,34
duoi,34
câc,34
bts,34
masage,34
hỡi,34
ếch,34
dà,34
bấp,34
cocoon,34
quậy,34
vẹt,34
luốc,34
quệt,34
dear,34
hụi,34
whey,34
should,34
bookmart,34
canvas,34
grow,34
đưpj,34
búi,34
manual,34
razer,34
ddrl,34
rú,34
server,34
displayport,34
ỏi,34
whip,34
ngáo,34
monami,34
toét,34
quyện,34
beo,34
nịnh,34
lạo,34
múi,34
đoa,34
second,34
foreo,34
received,33
dổi,33
nhm,33
hòn,33
got,33
gío,33
optical,33
khoong,33
paris,33
viêt,33
yummy,33
restart,33
genius,33
ngục,33
food,33
râts,33
cherry,33
lầy,33
chử,33
oponopono,33
nature,33
hoco,33
ák,33
chụi,33
corona,33
dun,33
luônnnnn,33
olive,33
trèo,33
tea,33
treatment,33
toạc,33
ình,33
dất,33
sho,33
pump,33
habgf,33
úa,33
dẽo,33
sứng,33
think,33
uo,33
dh,33
suô,33
๑,33
mind,33
neo,33
fuhlen,33
bếch,33
thjk,33
phôi,33
why,33
iq,33
lằm,33
huỳnh,33
remot,33
bun,33
rắn,33
òa,33
haze,33
hope,33
locklock,33
mcbooks,33
ohaamr,33
selfhelp,33
hehee,33
luog,33
trader,33
need,33
special,33
nguôi,33
ngòai,33
mẫm,33
ex,33
core,33
đỏi,33
viêc,33
dog,33
đưoc,33
xbox,33
nova,32
spiderum,32
é,32
bợ,32
lzd,32
cóp,32
nhơn,32
ủg,32
nagakawa,32
dó,32
đỉnk,32
cancel,32
gj,32
sộc,32
kon,32
teng,32
trờn,32
chop,32
chướng,32
liti,32
sell,32
qà,32
fonos,32
simili,32
okiela,32
ishigami,32
đien,32
kep,32
boxet,32
lợt,32
thuii,32
puzo,32
ôke,32
sagami,32
goodreads,32
phủi,32
măm,32
giằng,32
truyên,32
tằm,32
rứt,32
t_t,32
vùi,32
quỹ,32
hìn,32
tets,32
thk,32
dũa,32
đôn,32
days,32
ethernet,32
harvard,32
zero,32
podcast,32
ngớ,32
quẳng,32
muôi,32
yody,32
tòa,32
mênh,32
okkkkkkk,32
oạch,32
xỉuuu,32
customer,32
account,32
ngùi,32
khôgn,32
laz,32
powerline,32
rit,32
hssv,32
everything,32
đước,32
dích,32
suâ,32
node,32
đán,32
year,32
dôi,32
kalanithi,32
ưngggg,32
bioderma,31
shoo,31
coton,31
đệ,31
nguon,31
always,31
vươ,31
chệch,31
hoắc,31
using,31
ay,31
gv,31
deadline,31
nhoà,31
cuti,31
warm,31
tiu,31
hởi,31
oxford,31
rượt,31
thankyou,31
úng,31
yêm,31
nheeee,31
jeans,31
hót,31
trút,31
bought,31
thạnh,31
gigabit,31
vóc,31
ạaaaa,31
quote,31
hiều,31
unica,31
goc,31
yes,31
mạt,31
jk,31
reviews,31
okkkkkkkkk,31
neil,31
gúa,31
hih,31
memory,31
minhg,31
đuô,31
lích,31
alan,31
caosu,31
hichic,31
gơ,31
yeah,31
ja,31
áaa,31
colgate,31
reply,31
tuốt,31
cút,31
mica,31
dầm,31
niê,31
bứt,31
trợn,31
vy,31
vt,31
cop,31
nựa,31
oà,31
here,31
ọc,31
devondale,31
tiec,31
ag,31
offical,31
tikifast,31
romano,31
nhài,31
mổi,31
ttck,31
sensei,31
sít,31
graham,31
oral,31
thichd,30
flashcards,30
aaaa,30
nhầy,30
pai,30
nhươ,30
mòng,30
cốm,30
thág,30
hỉ,30
áng,30
quàng,30
xps,30
cui,30
dùn,30
study,30
đepk,30
paraben,30
ảm,30
dột,30
dợ,30
mèn,30
bie,30
cụng,30
forward,30
hòi,30
drap,30
trấu,30
nivea,30
unit,30
been,30
hassan,30
hdr,30
cức,30
okiii,30
ug,30
tuốc,30
board,30
dẫm,30
would,30
bayer,30
beat,30
gat,30
xiêu,30
give,30
chùng,30
abs,30
đvvc,30
dìm,30
café,30
sachs,30
anc,30
xứt,30
options,30
anthony,30
color,30
exp,30
kèn,30
tịch,30
đày,30
keanu,30
lỏm,30
hihii,30
trua,30
sem,30
dd,30
tâng,30
olay,30
nuôn,30
tánh,30
oled,30
part,30
original,30
david,30
trìu,30
xênh,30
world,30
lv,30
bio,30
ngấn,30
loe,30
sthi,30
vẩy,30
trag,30
okiee,30
giog,30
ngời,30
xxx,30
let,30
otg,30
cỏi,30
working,30
nhưn,30
thảy,30
thét,29
bốt,29
discount,29
mya,29
ngủn,29
luônnnnnn,29
trừng,29
chùn,29
thẫm,29
tị,29
thé,29
oán,29
phụng,29
quầng,29
gẩy,29
novel,29
john,29
pó,29
masaru,29
síu,29
kong,29
want,29
language,29
rả,29
khư,29
shiseido,29
mố,29
concung,29
okkkkkk,29
tấp,29
ih,29
bải,29
laze,29
càu,29
mịnh,29
ax,29
đoang,29
moto,29
alcohol,29
đăc,29
spt,29
myanmar,29
oánh,29
echo,29
vú,29
comments,29
thiếp,29
titi,29
translate,29
lượnh,29
xing,29
toota,29
tgm,29
ẹ,29
vờiii,29
qu,29
xịnnn,29
fbi,29
software,29
used,29
instagram,29
friso,29
khè,29
uii,29
mg,29
thâu,29
banner,29
hớp,29
hau,29
apps,29
giad,29
còm,29
who,29
seagate,29
gbps,29
lựu,29
lq,29
demo,29
chuản,29
thổn,29
unicharm,29
ya,29
rt,29
vòm,29
oribe,29
ordinary,29
cạc,29
grab,29
réo,29
rẫy,29
elsa,28
tốttt,28
miêng,28
mien,28
joy,28
hất,28
fat,28
ted,28
ngưòi,28
shopback,28
thuý,28
ời,28
cửu,28
khồn,28
íu,28
ngụy,28
sicily,28
traiding,28
nghiep,28
mưc,28
microlab,28
steve,28
shopping,28
chóa,28
niem,28
spam,28
chọt,28
ngút,28
nhânn,28
tuý,28
hoạn,28
anywhere,28
simply,28
chởm,28
cacton,28
đươcj,28
lắmmmmm,28
pvc,28
nẻn,28
khê,28
nhap,28
phảng,28
ngoằng,28
axit,28
lữ,28
numlock,28
bèn,28
gk,28
tâp,28
knight,28
nín,28
ze,28
yuval,28
minato,28
ipx,28
had,28
greene,28
cũn,28
đthoai,28
phẳm,28
huấn,28
also,28
đờ,28
keep,28
ye,28
magnum,28
vông,28
nình,28
quầy,28
fải,28
nạc,28
tiger,28
ngẩn,28
bien,28
ốn,28
brian,28
tgdđ,28
volum,28
địt,28
siz,28
hr,28
bose,28
khiêm,28
kè,28
luis,28
chùa,28
deep,28
pv,28
bookmarks,28
action,28
khatoco,28
invisible,28
pà,27
hưỡng,27
boost,27
vun,27
tuyêth,27
hmmm,27
đặ,27
microphone,27
security,27
ulatr,27
okeeeee,27
filter,27
phụt,27
uầy,27
dmx,27
mqh,27
charging,27
sad,27
nghía,27
cược,27
http,27
lazer,27
ibasic,27
caia,27
ranger,27
bùm,27
lắn,27
slim,27
nas,27
music,27
vr,27
rom,27
toto,27
gạc,27
bruno,27
quết,27
mừi,27
chuye,27
quắc,27
pet,27
tèm,27
yomost,27
pixel,27
răn,27
thên,27
òm,27
soundbar,27
tresemme,27
chễ,27
lựơng,27
kệch,27
kie,27
lockdown,27
trầu,27
pre,27
lotte,27
aaaaa,27
phình,27
ctkm,27
uiii,27
gào,27
story,27
kqua,27
linen,27
jan,27
intel,27
tốtrất,27
mính,27
purchase,27
ngonnnn,27
vờiiii,27
gở,27
xam,27
kingtech,27
picture,27
ctrl,27
scale,27
mùo,27
cươ,27
bios,27
ngặt,27
quáng,27
loanh,27
ủn,27
wrap,27
zippo,27
moderm,27
chảng,27
nết,27
lbp,27
mủi,27
miband,27
nhùi,27
sẩm,26
rằn,26
chiệu,26
karo,26
keke,26
đẫ,26
gáp,26
híc,26
mxm,26
ballad,26
ding,26
tròi,26
ùng,26
business,26
kl,26
chiện,26
sing,26
products,26
tring,26
chek,26
yểu,26
housing,26
cỗ,26
nylong,26
carbon,26
vocal,26
nilông,26
tnhh,26
dubgf,26
slow,26
uốg,26
dồ,26
lán,26
láu,26
training,26
phập,26
đjep,26
trú,26
ỏn,26
nothing,26
khựa,26
buột,26
dõ,26
mas,26
nhea,26
eng,26
leng,26
tằng,26
rủa,26
nak,26
vọt,26
trớ,26
ls,26
thptqg,26
guardian,26
aristino,26
níu,26
family,26
dvu,26
sc,26
ương,26
hìh,26
tram,26
zl,26
chẩt,26
doraemon,26
youtuber,26
phieu,26
ku,26
does,26
đax,26
dhop,26
caro,26
benjamin,26
lbm,26
khien,26
profile,26
dăn,26
nhiềuuuu,26
belkin,26
catton,26
liếm,26
kkkkkk,26
pẩm,26
un,26
lifebuoy,26
sà,26
tete,26
thụy,26
sphẩm,26
cuồn,26
oliu,26
soph,26
advanced,26
trót,26
đpej,26
đọi,26
xẽ,26
converse,26
ngonnn,26
fashion,26
pigeon,26
nhiễn,25
tiếu,25
hit,25
găn,25
chếch,25
ròn,25
camara,25
bavia,25
nhầu,25
nikon,25
nđt,25
hùi,25
ghen,25
nhòa,25
muaaaa,25
fun,25
useful,25
fuji,25
giaoo,25
xoang,25
nhaaaaaaa,25
problem,25
benro,25
rồiii,25
cảu,25
fhs,25
thỉu,25
ôtô,25
chíp,25
trô,25
quấy,25
god,25
refresh,25
xè,25
typ,25
phớt,25
ních,25
khuê,25
hsbc,25
đâng,25
sile,25
bank,25
djd,25
xoẹt,25
dơn,25
vét,25
lad,25
dáy,25
thuyên,25
nhúc,25
monh,25
ngua,25
ngoáy,25
rưới,25
tuộc,25
ctrinh,25
huhuu,25
sừ,25
yt,25
ngol,25
bookcard,25
truớc,25
coc,25
mềnh,25
gới,25
gấy,25
nhiw,25
morisaki,25
yamaha,25
dọa,25
điẹn,25
quô,25
baking,25
kbt,25
mad,25
ghibli,25
stock,25
loằng,25
rich,25
speaking,25
phâtm,25
london,25
thơn,25
ắ,25
deus,25
ản,25
tủi,25
ff,25
cí,25
lưởi,25
cuả,25
dông,25
vảo,25
couple,25
authentic,25
xịnn,25
vểnh,25
bái,25
chẩn,25
char,25
nữaaa,25
ạt,25
chuôt,25
đânh,25
cut,25
quàn,25
mpx,25
dale,25
chak,25
ig,25
điếu,25
nhút,24
szie,24
dùnh,24
thx,24
loki,24
mindmap,24
iuu,24
siêuuuu,24
đãng,24
lịm,24
essence,24
liu,24
stick,24
qh,24
báng,24
siêuu,24
liện,24
luô,24
mdr,24
cê,24
phè,24
paper,24
lte,24
phưu,24
tpcn,24
sonax,24
nguòi,24
gỉa,24
other,24
ktv,24
shift,24
áaaa,24
phùng,24
khải,24
hap,24
focus,24
cấy,24
miệt,24
chã,24
xịch,24
lộng,24
ất,24
chạc,24
thỉ,24
clutch,24
câp,24
zoi,24
cluong,24
hanoi,24
buồi,24
nhú,24
bẹt,24
oksản,24
soundpeats,24
nạy,24
nhộng,24
forex,24
kiềng,24
inc,24
lip,24
khaled,24
mainboard,24
ngỏm,24
điểmmm,24
aux,24
worth,24
yk,24
kkkkkkk,24
taiwan,24
hqa,24
mfi,24
kà,24
gưi,24
oiii,24
open,24
bâu,24
trốc,24
nhần,24
đêu,24
hard,24
hiccc,24
thãi,24
lén,24
mường,24
rating,24
lìa,24
đn,24
ăm,24
selfie,24
okê,24
hazzz,24
dệp,24
týp,24
mindset,24
toe,24
pizza,24
táp,24
picare,24
bụ,24
toái,24
nữaaaa,24
fiction,24
site,24
sync,24
ngk,24
nasi,24
tom,24
ụ,24
ưg,24
khom,24
doesn,24
caps,24
sky,24
bd,24
ẹo,23
thâý,23
bọng,23
caplock,23
saigon,23
siuuu,23
hazz,23
dìa,23
saffron,23
nhứ,23
lãm,23
luac,23
hớn,23
tm,23
sơmi,23
thuan,23
đf,23
voan,23
hới,23
cj,23
mineral,23
bép,23
thảnh,23
dubg,23
iuuu,23
quẩy,23
sôp,23
ngonn,23
mánh,23
ngủm,23
detox,23
sakura,23
rần,23
rốn,23
zipper,23
zẻ,23
ikigai,23
dậm,23
capuchino,23
sml,23
cỏn,23
bộp,23
lunnnnn,23
mifit,23
fifa,23
cheo,23
roong,23
lấu,23
wiffi,23
chốg,23
nahnh,23
ỷ,23
chubg,23
tảy,23
gates,23
sj,23
hanhg,23
lsao,23
latte,23
paste,23
chuong,23
hàngnhanh,23
nayd,23
cũm,23
xái,23
lòe,23
luỹ,23
ttbh,23
kip,23
wnn,23
thướt,23
choá,23
haemin,23
qcy,23
never,23
fim,23
od,23
extender,23
thịch,23
iêu,23
caffe,23
kenh,23
tút,23
battery,23
kanae,23
hoạc,23
lie,23
tặc,23
chúi,23
luonn,23
finfin,23
dẫ,23
vẫy,23
buồng,23
bestseller,23
nộp,23
buoc,23
giào,23
hững,23
tuôi,23
vữa,23
hosseini,23
khù,23
mxh,23
shp,23
noah,23
troc,23
đù,23
turbo,23
hmu,23
bđs,23
value,23
lụt,23
lẹm,23
steam,23
bâng,22
lắ,22
rai,22
luxury,22
vút,22
ubuntu,22
kog,22
ngao,22
buoi,22
mytv,22
đẹpppppp,22
nora,22
kị,22
sumika,22
vồng,22
screen,22
phẩ,22
guillaume,22
redbull,22
silk,22
edition,22
print,22
sag,22
strong,22
dật,22
gium,22
tiẹn,22
lốm,22
adidas,22
vái,22
bop,22
hik,22
hẩm,22
wyckoff,22
khăng,22
thàng,22
shot,22
toác,22
boxer,22
thw,22
tạt,22
stop,22
trất,22
mìk,22
ùa,22
center,22
analog,22
blah,22
sane,22
bug,22
bợn,22
thừ,22
trịch,22
giắt,22
hẹ,22
dance,22
mei,22
cã,22
plan,22
bặt,22
trien,22
éc,22
luẩn,22
trâm,22
mùn,22
chịt,22
hảnh,22
bợm,22
secret,22
choang,22
phia,22
hv,22
dzui,22
mcbook,22
dunhf,22
nằng,22
ngin,22
roiif,22
xễu,22
nhọ,22
innis,22
better,22
teong,22
goodgood,22
sensor,22
táng,22
beng,22
assistant,22
dả,22
trơi,22
dap,22
tit,22
sie,22
protec,22
xúi,22
điêm,22
kua,22
shark,22
úi,22
before,22
cùa,22
ngoc,22
nưaz,22
cleo,22
chocopie,22
thoòng,22
đuong,22
shikishi,22
mamamy,21
bốp,21
okokokok,21
bân,21
nhối,21
envy,21
ôkê,21
mono,21
rm,21
chớm,21
mụ,21
amply,21
guitar,21
iso,21
vesa,21
lavabo,21
tĩn,21
nhnh,21
nhaaaaaaaa,21
nứa,21
instax,21
stk,21
giăng,21
hêh,21
láy,21
buc,21
thầu,21
sỏ,21
ắp,21
city,21
ware,21
lòn,21
cội,21
ngác,21
nui,21
thím,21
tnay,21
vim,21
ohair,21
waka,21
đóa,21
khog,21
hợi,21
hiẹu,21
tụy,21
yo,21
tốy,21
rule,21
club,21
chăt,21
ngonbánh,21
chit,21
cashbag,21
héo,21
thơmmm,21
way,21
buzz,21
giau,21
sipiao,21
ẻo,21
vâyh,21
sỏi,21
mên,21
philippines,21
ỉa,21
béc,21
angten,21
kiểng,21
vnpay,21
loè,21
flow,21
nớp,21
wear,21
dắc,21
khômg,21
hold,21
áh,21
rơm,21
đíng,21
gaiman,21
xinhhhhh,21
mào,21
uất,21
giỡn,21
loảng,21
oinr,21
miu,21
blossomy,21
goid,21
khởm,21
dăng,21
quảnh,21
gố,21
maybe,21
old,21
khà,21
hayyyyyy,21
polo,21
gồng,21
biêta,21
xk,21
atlas,21
dụi,21
micellar,21
nhậm,21
overall,21
dunh,21
giếng,21
lsau,21
jao,21
khs,21
rợ,21
dvi,21
xach,21
broken,21
cw,21
đượ,21
nat,21
arrived,21
claim,21
xaomi,21
rậm,21
bắng,21
niacinamide,21
management,21
wfh,21
qtrong,21
nờ,21
tx,21
koi,21
thuy,21
thặc,21
nơm,21
mầy,21
zen,21
hepa,21
access,21
inspiron,21
usd,21
ngọ,21
gsm,21
túyp,21
chồi,21
côm,21
cwn,21
xuyen,21
stand,21
cựu,21
nòng,21
nestea,21
wh,21
phèo,21
huhuhuhu,20
amalife,20
logistic,20
motif,20
tiêt,20
stream,20
mirrorless,20
yếm,20
dòi,20
tws,20
bằm,20
cate,20
thự,20
mst,20
per,20
jong,20
siro,20
dịnh,20
lale,20
séc,20
quơ,20
thỏai,20
jt,20
thor,20
brazil,20
rồii,20
vh,20
chỏ,20
chỏng,20
ptkt,20
husky,20
đings,20
loẹt,20
beyours,20
bảnh,20
ending,20
studio,20
find,20
damas,20
kojiba,20
feet,20
hễ,20
lk,20
kids,20
đún,20
latop,20
nài,20
tíc,20
bịu,20
custom,20
vlog,20
ngữa,20
yet,20
lôm,20
granola,20
lead,20
giăt,20
tốtttt,20
cos,20
gơi,20
trã,20
diết,20
oil,20
zzz,20
expected,20
nhoẹt,20
vạ,20
looks,20
ỉ,20
trịnh,20
lụp,20
ahuhu,20
drop,20
vando,20
khuân,20
nescafe,20
vỉa,20
tảo,20
wonderful,20
hổm,20
nhảnh,20
condition,20
vag,20
iy,20
ads,20
avent,20
só,20
nhoe,20
arirang,20
messenger,20
trớt,20
diệc,20
pan,20
quoăn,20
clone,20
okkkkkkkk,20
quẻ,20
wrn,20
lưc,20
hịu,20
zắc,20
hỡ,20
poly,20
france,20
indo,20
ság,20
củn,20
inochi,20
kham,20
caton,20
rấtt,20
goodread,20
thụng,20
rr,20
lâp,20
vấy,20
error,20
giáy,20
glucerna,20
chột,20
cuckoo,20
dủng,20
trọc,20
monkey,20
uhm,20
lady,20
sku,20
duc,20
trịa,20
cz,20
eucerin,20
ming,20
nhanhhhhhh,20
toè,20
hitachi,20
mú,20
rưởi,20
je,20
luongj,20
cmnr,20
bet,20
ariston,19
hhhhhhhhh,19
bc,19
uyển,19
icon,19
nit,19
vợi,19
nghênh,19
mìng,19
luck,19
vờiiiii,19
qen,19
luyến,19
luyên,19
lớ,19
soa,19
hụ,19
tau,19
hía,19
đpẹ,19
ticket,19
phen,19
tronh,19
tresemmé,19
hacker,19
reboot,19
phài,19
đoá,19
rầy,19
xòe,19
chửa,19
khán,19
these,19
sũng,19
ponds,19
corsair,19
hôk,19
huyệt,19
ưnggggg,19
mót,19
xàu,19
ạaaaaa,19
nẫy,19
flan,19
hoăc,19
ặ,19
pháo,19
roăng,19
phang,19
chiêc,19
restock,19
nuóc,19
nick,19
quằn,19
vằn,19
nhiêù,19
mnguoi,19
lêu,19
piece,19
thừng,19
châtd,19
salad,19
ordered,19
okkkkkkkkkkkk,19
rùii,19
mink,19
bện,19
hua,19
gỏng,19
đgia,19
mươt,19
tonner,19
xuât,19
dslr,19
files,19
install,19
đăth,19
tầu,19
huông,19
hãn,19
lexar,19
fire,19
latex,19
dỉ,19
chart,19
hửu,19
nhăm,19
pat,19
xẩy,19
whipping,19
serie,19
kf,19
hự,19
mừ,19
kaf,19
ultr,19
rục,19
ﾉ,19
diêm,19
tốtsản,19
tnbs,19
manager,19
tuot,19
róc,19
peel,19
such,19
miko,19
chuyễn,19
silver,19
ink,19
adayroi,19
dêz,19
thuyê,19
giớ,19
nhục,19
ây,19
lốt,19
đần,19
choco,19
quỳ,19
qủa,19
viển,19
refund,19
said,19
tada,19
showroom,19
phùn,19
photocard,19
tex,19
pcs,19
elliott,19
blogger,19
did,19
seed,19
freud,19
hày,19
chậc,19
nhình,19
fantasy,19
tụng,19
cartridge,19
nguyệt,19
mps,19
boy,19
hero,19
shipber,19
pureit,19
dou,19
passport,19
bag,19
giơi,19
mach,19
nun,19
sỉu,19
fo,19
pcie,19
heart,19
tuyện,19
doạ,19
come,19
soup,19
vánh,19
gồi,19
okr,19
fhd,19
hikvision,19
ơiiiii,19
dutch,19
đốn,19
dzị,19
xấy,19
dấy,18
repair,18
youtobe,18
keratin,18
khồng,18
lút,18
hhhh,18
kw,18
nhoi,18
cảng,18
aukey,18
zề,18
laza,18
nòi,18
title,18
melano,18
timer,18
điểmm,18
effaclar,18
salem,18
nung,18
lifebouy,18
chực,18
xmen,18
night,18
ngĩ,18
saooooo,18
enough,18
move,18
thấ,18
lươngh,18
crack,18
sel,18
vinbuy,18
vach,18
poor,18
receive,18
húp,18
áy,18
aaaaaa,18
culi,18
nhsnh,18
ạch,18
cuoi,18
sipao,18
giãm,18
tía,18
pease,18
feed,18
described,18
hđh,18
lf,18
satn,18
napoleon,18
rổi,18
ngúm,18
richy,18
car,18
nèee,18
fam,18
thậ,18
sex,18
cad,18
trip,18
đợ,18
thuờng,18
toy,18
spandex,18
eneloop,18
rể,18
zì,18
khuỷu,18
elements,18
background,18
cartoon,18
soundcard,18
phúng,18
sươ,18
mediamart,18
hầng,18
jj,18
cưỡi,18
phìm,18
triền,18
dộng,18
lị,18
đỉnhhh,18
coá,18
riview,18
phomai,18
saga,18
phũ,18
lưởng,18
khoải,18
cầy,18
lah,18
photoshop,18
măn,18
huyễn,18
sez,18
pretty,18
chym,18
lb,18
lolita,18
cuat,18
nhing,18
cta,18
bẹn,18
tree,18
pegava,18
khịa,18
chuẫn,18
rut,18
nhể,18
xaid,18
heheh,18
thuiii,18
polyester,18
thíchhh,18
anta,18
phảo,18
tếu,18
nhânh,18
ntin,18
thaya,18
củi,18
send,18
mega,18
colagen,18
zize,18
preview,18
imac,18
chài,18
harry,18
lìn,18
thoem,18
vision,18
ghì,18
khây,18
bbc,18
packed,18
vụt,18
tgia,18
hood,18
vẫm,18
clg,18
pbh,18
đaz,18
sây,18
hb,18
dèn,18
okkkkkkkkkkk,18
bôkmark,18
chỉa,18
chắng,18
lảng,18
vố,18
phoi,18
ﾟ,18
dươc,18
uột,18
ಥ,18
tuya,18
pie,18
xướng,18
compo,18
kai,18
náo,18
sealed,18
acquy,18
suong,18
cab,18
pharaoh,18
minhd,17
connected,17
dnd,17
two,17
minhf,17
gin,17
trược,17
gop,17
téc,17
copywriter,17
tpe,17
blink,17
longg,17
spaghetti,17
chắ,17
bấn,17
shipeer,17
reader,17
lònggg,17
gừ,17
váo,17
sủng,17
ngam,17
mophie,17
tike,17
sill,17
tỏng,17
eye,17
pùn,17
thanhk,17
grammar,17
kv,17
³,17
điem,17
hahah,17
kỉu,17
trồ,17
mam,17
gray,17
wen,17
tess,17
hoie,17
virut,17
michelin,17
nghếch,17
oành,17
hách,17
mie,17
af,17
đee,17
bển,17
qđ,17
nah,17
thj,17
ngoạn,17
ruổi,17
lộp,17
function,17
xơi,17
ngót,17
hicc,17
satisfied,17
cambridge,17
ờm,17
away,17
bụt,17
nmà,17
châts,17
moment,17
po,17
ướm,17
tuyệ,17
ổm,17
nhùn,17
diet,17
trệ,17
dìu,17
nhậ,17
nhữa,17
dủ,17
modern,17
đụ,17
default,17
noa,17
veet,17
lủn,17
đungs,17
mw,17
tửng,17
diêu,17
rèm,17
five,17
nhiếp,17
nhom,17
hidden,17
lói,17
hầy,17
dry,17
giâý,17
lớm,17
hhh,17
ổnn,17
rose,17
mồn,17
qả,17
inside,17
boong,17
ever,17
bright,17
ceramic,17
lữa,17
bờm,17
kis,17
global,17
vocher,17
khoé,17
people,17
mmmmmmmm,17
enjoy,17
remove,17
eu,17
rs,17
expect,17
acer,17
seeding,17
rockbros,17
nguyền,17
halogen,17
dứoi,17
múp,17
tok,17
đơm,17
tiển,17
save,17
nhéee,17
giaohangnhanh,17
sù,17
dandihome,17
metal,17
okieee,17
dớ,17
kbiet,17
sửng,17
vén,17
nhèm,17
trackpad,17
hhtd,17
anlene,17
okkkkkkkkkk,17
hah,17
giũa,17
cjo,17
tòe,17
newborn,17
ticker,17
phuong,17
quaker,17
sẹp,17
complaint,17
dethuong,17
ổnnn,17
sụ,17
slot,17
chành,17
lóp,17
bâm,17
bling,17
voiw,17
xt,17
vuong,17
xối,17
dín,17
logitec,17
watashi,17
vât,17
nbh,17
step,17
genuine,17
okelah,17
vọg,17
ngụm,17
ngườ,17
slimfit,17
thaks,17
nuớc,17
khò,17
oz,17
vừng,16
rù,16
slient,16
ngoặt,16
could,16
bổn,16
wtf,16
del,16
spotify,16
liêm,16
capslock,16
bigc,16
quớ,16
centaphil,16
perfectly,16
hừm,16
hànng,16
lăms,16
lụi,16
vđe,16
tủa,16
ưn,16
suggest,16
mân,16
extend,16
balance,16
oko,16
hỷ,16
lếu,16
safe,16
muống,16
brita,16
goodjob,16
giver,16
toii,16
ngải,16
mĩnh,16
sực,16
num,16
np,16
xục,16
gf,16
xỉuuuu,16
hực,16
network,16
exfat,16
gout,16
rứa,16
practice,16
hãg,16
loét,16
vửa,16
ghub,16
lim,16
zi,16
kông,16
vet,16
heyday,16
kug,16
đuoejc,16
cón,16
supper,16
yoobao,16
hù,16
hihiii,16
ngạch,16
gó,16
wps,16
every,16
pas,16
germany,16
catalogue,16
crocs,16
osaka,16
chanel,16
lựng,16
change,16
đới,16
were,16
nứu,16
nhot,16
eva,16
nhày,16
cẳng,16
xĩuuuu,16
tch,16
potay,16
nhãng,16
keycap,16
biế,16
phung,16
tamayoko,16
potter,16
huyndai,16
info,16
sire,16
reng,16
cthan,16
ắng,16
legend,16
nhiẹt,16
túp,16
buds,16
hén,16
cừa,16
range,16
soan,16
thinking,16
hjx,16
transcend,16
tootd,16
hint,16
ngố,16
yu,16
raat,16
quáaa,16
left,16
doctor,16
ching,16
uke,16
cững,16
uổn,16
khóe,16
bôn,16
dỡm,16
sũa,16
which,16
marshall,16
gét,16
khanh,16
giqo,16
stickers,16
cũnh,16
nhanhhhhhhh,16
hính,16
payback,16
thnks,16
okkkkkkkkkkkkk,16
auschwitz,16
el,16
everyone,16
inb,16
bựa,16
bp,16
fw,16
choa,16
match,16
items,16
cùg,16
pure,16
bằg,16
bẫn,16
muổi,16
dcom,16
xuyến,16
ngạo,16
nhiềuuu,16
nhẫy,16
xbap,16
xốt,16
hjc,16
kieng,16
typing,16
rum,16
raw,16
nvme,16
ngẩm,16
nhừng,16
mịa,16
lỏnghơi,16
von,16
topping,16
đanha,16
xỉuu,16
ipod,16
startup,16
makoto,16
gigabyte,16
phẩy,16
cới,16
mtb,16
hiiii,16
robin,16
sit,16
trụng,16
vnpost,16
gillette,16
rươ,16
lắmmmmmm,16
tỵt,16
doremon,16
standard,16
cko,16
chôm,16
núp,16
ld,15
okkkkkkkkkkkkkkk,15
recomment,15
lảm,15
titki,15
rúm,15
xep,15
pkcb,15
dọng,15
leather,15
ccc,15
blattanex,15
phách,15
giảo,15
txp,15
grey,15
cũa,15
dune,15
fujifilm,15
xèng,15
reviewer,15
kaga,15
luâ,15
tụyt,15
phới,15
gớt,15
table,15
madein,15
đia,15
tikii,15
yukawa,15
cholesterol,15
rạ,15
xiao,15
thậy,15
lònh,15
ưngg,15
luoin,15
banking,15
hừng,15
closeup,15
nom,15
miss,15
thing,15
nót,15
apk,15
nhứng,15
routine,15
ét,15
csgo,15
kiệu,15
hotro,15
phait,15
pn,15
đubgs,15
hõm,15
famapro,15
ekip,15
massge,15
truyênn,15
chề,15
nhựng,15
nập,15
ahhh,15
activate,15
al,15
xuề,15
miley,15
sec,15
mv,15
ccn,15
dolby,15
nheng,15
stt,15
choẹt,15
reasonable,15
topper,15
lệt,15
quotes,15
sunsilk,15
ctr,15
dống,15
michael,15
tởn,15
khộng,15
oiiii,15
ngẩng,15
mỉa,15
hapa,15
gtri,15
vờii,15
vướn,15
nta,15
củg,15
thẩy,15
づ,15
chấc,15
awesome,15
lavie,15
xữ,15
performance,15
mòi,15
comfortable,15
rp,15
bluetooh,15
total,15
munhf,15
scooter,15
nữaa,15
răt,15
woa,15
message,15
nhử,15
đưocj,15
đáh,15
notebook,15
smell,15
onedrive,15
rưa,15
pick,15
cungc,15
dthoai,15
tơt,15
nất,15
chớn,15
galileo,15
traning,15
jeffrey,15
verygood,15
phiếm,15
xọt,15
đnag,15
task,15
hiết,15
his,15
goia,15
ngóm,15
button,15
hin,15
thap,15
rosie,15
alpha,15
karik,15
lya,15
ải,15
cù,15
rái,15
hạc,15
thót,15
săm,15
xẻng,15
xút,15
tời,15
nhây,15
qùa,15
nghiêp,15
nhán,15
vchuyen,15
ou,15
tds,15
cis,15
dna,15
chèo,15
haig,15
nhụy,15
châp,15
wrong,15
es,15
turn,15
cuteee,15
vans,15
ngiệm,15
ball,15
shipe,15
room,15
ập,15
cóa,15
waffle,15
etc,15
stan,15
mùnh,15
mbp,15
zone,15
nhiêm,15
năg,15
anything,15
hdan,15
rấttt,15
zz,15
exap,15
lể,15
pax,15
coment,15
êu,15
anti,15
hưa,15
laf,15
khỏang,15
lt,15
xoè,15
spid,15
nhiem,15
sold,15
đừ,15
equalizer,15
đug,15
vtc,15
peterson,15
tf,15
livermore,15
sái,15
nous,15
alexander,15
taliban,15
stereo,15
rẩ,15
canslim,15
friend,15
ngọng,15
xă,15
tủn,15
sém,15
tuii,15
temp,15
dut,15
quinoa,15
nhiện,14
akihiro,14
moitj,14
ngiều,14
lôn,14
neutrogena,14
yeti,14
masscara,14
thíchhhh,14
pen,14
cúm,14
put,14
cợm,14
yêuuu,14
đèo,14
nhuyen,14
trĩu,14
girl,14
phien,14
bro,14
park,14
hahahaha,14
khuâng,14
obama,14
đuọce,14
upgrade,14
sant,14
hăn,14
shinkai,14
cãm,14
writer,14
lẫu,14
ặc,14
xoàng,14
xêm,14
genshin,14
sacombank,14
vinfast,14
áaaaa,14
đieu,14
lucky,14
sos,14
vẵn,14
noiij,14
đì,14
clay,14
dưởng,14
scam,14
kito,14
đki,14
republic,14
hoằng,14
lẳng,14
meeting,14
goog,14
sunmate,14
shopppp,14
bửn,14
party,14
laoij,14
chẳn,14
offer,14
xỉa,14
kỵ,14
giữu,14
hẻo,14
beta,14
húng,14
kei,14
đătj,14
mnggg,14
luốt,14
sòng,14
devices,14
bợt,14
tèn,14
rmf,14
sharma,14
vad,14
lọng,14
họi,14
kiếu,14
dream,14
lquan,14
lmao,14
rá,14
rấtttt,14
cẩ,14
lp,14
ddc,14
decker,14
usp,14
vịnh,14
refill,14
đanhs,14
trùn,14
xờ,14
kemei,14
quây,14
thâyd,14
mami,14
giất,14
sâng,14
sensitive,14
bii,14
xang,14
tiềng,14
idea,14
cựa,14
trôm,14
sễ,14
ampli,14
understand,14
piston,14
smile,14
vằng,14
lưong,14
tuyền,14
diên,14
though,14
trie,14
pediasure,14
baba,14
khất,14
sanr,14
hhd,14
tâc,14
kẽo,14
blu,14
ocean,14
mợ,14
nhaaaaaaaaa,14
lầ,14
thorakao,14
fibonacci,14
thays,14
nhều,14
bướng,14
covit,14
tuền,14
today,14
zè,14
đng,14
unify,14
ngoãn,14
hhhhhhhhhh,14
mẽo,14
convenient,14
bih,14
ạcảm,14
kung,14
atiso,14
tikk,14
sê,14
gut,14
makes,14
bip,14
sapien,14
đí,14
bêp,14
pampers,14
cavet,14
our,14
while,14
index,14
supor,14
kên,14
hakawa,14
town,14
hone,14
pla,14
aww,14
pharma,14
dew,14
qtqđ,14
ên,14
ups,14
nr,14
medium,14
talk,14
blossom,14
travel,14
carnegie,14
phỉ,14
folder,14
gau,14
amp,14
rf,14
xuoc,14
trach,14
dííidididididiididìvivivivivivvviviviviv,14
bme,14
enzyme,14
gufoods,14
đgnl,14
vủa,14
microsd,14
nhmà,14
ssid,14
dbi,14
rice,14
sb,14
msi,14
đocj,14
gôi,14
bookcase,14
oreo,14
nhữg,14
xập,14
ngái,14
kểu,14
carl,14
iem,14
babylon,14
kkkkkkkk,14
gột,14
ngai,14
batteries,14
sot,14
dụnh,14
tuông,14
roii,14
lovely,14
xoạt,14
riu,14
totally,14
tốttttt,14
thằn,14
thcs,14
vaf,14
lòngg,14
shao,14
thôg,14
warren,14
muốt,14
iphon,14
hf,14
sải,14
chuồng,14
bbia,14
loát,14
cuzng,14
luôm,14
md,14
băt,14
đõ,14
warranty,14
guide,14
xsmax,14
thưong,14
matthew,14
cutee,14
giiao,14
mod,14
pamper,14
camon,14
stories,14
chibi,13
australia,13
coin,13
bịa,13
nxet,13
local,13
kobo,13
videos,13
cell,13
moii,13
mmm,13
waterproof,13
dền,13
hayyyyyyy,13
wife,13
grap,13
cựcc,13
sỉn,13
dzời,13
album,13
mướn,13
expresso,13
thy,13
fin,13
ơiiiiii,13
gổ,13
acc,13
phiểu,13
xoà,13
xmp,13
kafka,13
siuuuu,13
ghost,13
machine,13
tiêpa,13
rới,13
luoonnn,13
rb,13
nhảo,13
rệp,13
sáy,13
uỷ,13
pyjama,13
dji,13
sửu,13
chận,13
hair,13
chech,13
laik,13
yosee,13
berry,13
mành,13
trick,13
latitude,13
alchemist,13
vifon,13
laii,13
raats,13
wheel,13
khiêu,13
pes,13
suat,13
chp,13
mayan,13
xản,13
noname,13
xạch,13
ret,13
inoc,13
klairs,13
spo,13
friendly,13
flip,13
hiễu,13
garmin,13
tât,13
én,13
looking,13
đươjc,13
chuần,13
cạm,13
midea,13
nhju,13
mẫy,13
thới,13
đẩu,13
lươngk,13
vostro,13
pic,13
náu,13
cacbon,13
thiển,13
giun,13
hử,13
ruô,13
tiiki,13
dhandho,13
ㅠㅠ,13
hwa,13
trây,13
gamer,13
siêuuu,13
bhx,13
xịnnnnn,13
oii,13
july,13
digiword,13
pixar,13
chosao,13
điii,13
mtv,13
xan,13
ngưu,13
ngob,13
tòan,13
fragrance,13
khì,13
turi,13
magsafe,13
chắnmũ,13
sm,13
choảnh,13
lain,13
thankiu,13
remos,13
beer,13
tùi,13
oval,13
last,13
hario,13
nhaaaaaaaaaaaaaaaaaaaaaaaaaaaaaaaaaaaaaaaaa,13
coop,13
đât,13
laila,13
lhe,13
bjet,13
rề,13
toit,13
feeback,13
daily,13
vày,13
nhuốm,13
nile,13
nheeeee,13
oham,13
hế,13
biểt,13
thâng,13
sámung,13
cot,13
tiế,13
komi,13
bear,13
quốn,13
rùiii,13
earbud,13
alt,13
sapa,13
bestbook,13
khit,13
transfer,13
bibomart,13
macro,13
thig,13
lựong,13
giươ,13
khẽ,13
bỉnh,13
mrb,13
thậnn,13
đựp,13
đièu,13
kotler,13
ec,13
jogger,13
côg,13
muo,13
kao,13
ề,13
listerin,13
trử,13
tue,13
xạm,13
without,13
tưởg,13
richard,13
sinuhe,13
đấp,13
hrs,13
aya,13
americano,13
sso,13
hyper,13
lossless,13
ngỗng,13
sạo,13
bẵng,13
hản,13
shake,13
catalog,13
đj,13
halio,13
gja,13
mazda,13
sahara,13
bds,13
phào,13
lioa,13
tracy,13
óp,13
đâuu,13
advertised,13
thơmmmm,13
bhanh,13
noia,13
đượt,13
lbs,13
tịi,13
cre,13
packaged,13
yunteng,13
sám,13
đỉnhhhh,13
nhự,13
goodfit,13
hinhg,13
bottle,13
nhưung,13
dunng,13
cntt,13
ngự,13
nớt,13
âp,13
toxic,13
đom,13
hiếp,13
iuuuu,13
sauu,13
oasis,13
thẹn,13
mởi,13
nép,13
jobs,13
carot,13
thuat,13
đưỡ,13
sáchh,13
issue,13
western,13
duọc,13
sleeping,13
scrub,13
tradinh,13
delete,13
khuâ,13
giua,13
lất,13
nhừn,13
cast,13
york,13
nand,13
drivers,13
nhiêif,13
pharmacity,13
bòng,13
nguyê,13
tuởng,13
acoustic,13
gc,13
miracle,13
gùi,13
most,13
thênh,12
ntnao,12
tke,12
jd,12
giồi,12
army,12
bàm,12
blackstone,12
goon,12
lhc,12
fact,12
truyển,12
nghie,12
dthuong,12
motul,12
truốt,12
mũm,12
process,12
nỏi,12
vacuum,12
limit,12
uno,12
chồm,12
nhoét,12
sọ,12
pijama,12
ful,12
nthe,12
ook,12
okiiii,12
hjjj,12
chromecast,12
thiều,12
reveiw,12
malay,12
khiểng,12
tuếch,12
hotdog,12
sut,12
ju,12
chố,12
sjs,12
dra,12
tuyệtttt,12
liked,12
qus,12
vho,12
vocab,12
nhưnv,12
tuye,12
close,12
braun,12
thag,12
thuchs,12
learning,12
ez,12
pour,12
blt,12
bridge,12
aaaaaaaa,12
dụm,12
trust,12
qtqd,12
điểmmmm,12
microusb,12
thủm,12
dungh,12
đangs,12
__,12
bbt,12
chg,12
hazzzz,12
sui,12
ngận,12
treseme,12
marketer,12
ngượng,12
comic,12
gp,12
dẳng,12
muón,12
chá,12
ốt,12
boom,12
webngay,12
ní,12
humano,12
ikea,12
magician,12
mota,12
bưc,12
ferroli,12
improve,12
ytb,12
xuồng,12
hêhhe,12
nữaaaaa,12
ngen,12
nênn,12
smoothie,12
aaaaaaaaaa,12
thermal,12
nú,12
đênh,12
mitsu,12
thunderbolt,12
ot,12
biêtd,12
thoing,12
đèu,12
poe,12
dododios,12
kđr,12
thuỵ,12
quet,12
rec,12
phât,12
phẹc,12
trỏng,12
psi,12
thuộm,12
răm,12
ting,12
vibe,12
sàu,12
convert,12
zất,12
fullsize,12
thơmmmmm,12
et,12
company,12
trờ,12
đủi,12
đoàng,12
khảm,12
fasaha,12
bống,12
luoon,12
push,12
úb,12
patrick,12
sụn,12
áa,12
ria,12
anton,12
pô,12
hngf,12
shots,12
àng,12
cafein,12
gie,12
rật,12
nỏ,12
chc,12
vêd,12
mpbs,12
postcards,12
offers,12
dạc,12
siper,12
vơid,12
oai,12
tlp,12
artbook,12
càe,12
giồng,12
nhốt,12
thoãi,12
alkaline,12
vừ,12
dont,12
trac,12
quyét,12
vac,12
rac,12
kbone,12
future,12
nnnnnn,12
trừi,12
êmm,12
og,12
ycau,12
signal,12
đómg,12
luk,12
tóp,12
cũbg,12
crep,12
volumn,12
goodddddddddddđ,12
detail,12
suboi,12
xxk,12
kazuo,12
hích,12
trớn,12
đódùng,12
nhưmg,12
tùe,12
lat,12
bấc,12
masa,12
thíchh,12
disconect,12
nhao,12
soundmax,12
dareu,12
coolmax,12
mishima,12
rivew,12
mãng,12
however,12
năp,12
xxcm,12
teka,12
cucng,12
feather,12
wave,12
coopmart,12
haizzzzz,12
gị,12
nanh,12
tiku,12
eyes,12
pink,12
track,12
luộm,12
kpi,12
seems,12
speaker,12
liquid,12
quạ,12
ttc,12
touchpad,12
bbw,12
sirum,12
choét,12
luan,12
cnc,12
health,12
cộ,12
nz,12
dình,12
onvif,12
canin,12
đáu,12
đồg,12
few,12
ruộng,12
thicha,12
nhởn,12
luongjw,12
ẵm,12
psncx,12
cânt,12
market,12
taxi,12
nhách,12
àk,12
innox,12
shmuel,12
platinum,12
remode,12
chằn,12
bđ,12
rão,12
inbody,12
bbb,12
tuồn,12
dvb,12
beginner,12
guy,12
vuột,12
neptune,12
troll,12
nhố,12
ngìn,12
bull,12
kate,12
mariam,12
fp,12
cana,12
unlock,12
thíchhhhh,12
nhéeee,12
ang,12
lỡm,12
cuón,12
mỷ,12
vòn,12
ônt,12
thọt,12
usbc,12
mõm,12
ddvs,12
nèk,12
tried,12
cleansing,12
quớt,12
ậm,12
stone,12
nố,12
dbd,12
tili,12
cặt,12
js,12
zenbook,12
pokemon,12
buss,12
thin,12
hươu,12
cuae,12
cnkk,12
mỉnh,12
cif,12
recoment,11
đẻo,11
quyêt,11
ấyyy,11
lonhf,11
nị,11
motion,11
nvay,11
lù,11
đạy,11
hảy,11
saint,11
zồi,11
seen,11
sún,11
rx,11
sharing,11
siri,11
layer,11
xuc,11
kagura,11
nâm,11
pl,11
lousy,11
nhiếu,11
ntnay,11
thóc,11
nes,11
kco,11
shippers,11
ampe,11
soho,11
tốtttsản,11
yi,11
lost,11
pocari,11
mf,11
phãi,11
phap,11
ttong,11
ntt,11
description,11
gm,11
shaker,11
phẻ,11
nhabh,11
tảgiống,11
tiem,11
nã,11
headset,11
skype,11
thanhks,11
pq,11
hanf,11
stephen,11
đâù,11
kawabata,11
owen,11
freelancer,11
truân,11
taste,11
enfa,11
pj,11
bôkcare,11
grimm,11
đạ,11
bann,11
giãi,11
hợn,11
hafng,11
keyword,11
tốtttttt,11
honhf,11
chj,11
thóm,11
hũu,11
okj,11
trổ,11
weiss,11
golden,11
toots,11
reciever,11
uni,11
soundcore,11
vsa,11
naturehike,11
zac,11
quafa,11
sacom,11
hhhhhh,11
vj,11
tiép,11
tpmifi,11
bulon,11
gear,11
lỏn,11
status,11
covi,11
hatomugi,11
hâhha,11
ar,11
respect,11
mate,11
ford,11
things,11
guu,11
mngg,11
đunhs,11
lactacyd,11
châdt,11
haiza,11
minisize,11
bọp,11
joystick,11
tỉm,11
mishio,11
gach,11
thânh,11
hôg,11
tắng,11
rọng,11
hâp,11
lủi,11
choé,11
sạ,11
portable,11
scout,11
đcj,11
bra,11
oralb,11
ngung,11
charm,11
luonnnn,11
miện,11
opp,11
nèe,11
vocabulary,11
lèm,11
lâuu,11
dận,11
okrs,11
nần,11
náp,11
enchanteur,11
uog,11
trũng,11
aaaaaaa,11
calories,11
howard,11
orion,11
muaaaaa,11
rơle,11
doan,11
thườg,11
sacha,11
bij,11
java,11
bf,11
phét,11
ồng,11
khuye,11
ngợ,11
tạn,11
watt,11
stevens,11
nỏng,11
ĩ,11
cằng,11
nhựt,11
hàmg,11
bitcoin,11
cđ,11
another,11
thạt,11
cpuz,11
tank,11
nặp,11
oa,11
def,11
khók,11
international,11
tệkhá,11
dictionary,11
dead,11
nhiềuu,11
و,11
kic,11
bót,11
oo,11
đóc,11
uot,11
xĩuuu,11
vvvv,11
ring,11
cakey,11
oái,11
shio,11
dừ,11
blackfriday,11
gaomon,11
chường,11
đl,11
ie,11
nóp,11
vincom,11
nintendo,11
skybooks,11
vờiiiiii,11
đỉnhh,11
đển,11
khâc,11
khuyếch,11
glico,11
zebra,11
fc,11
biz,11
latin,11
diểm,11
nhez,11
legging,11
quoảng,11
btt,11
lj,11
quỷên,11
ngàu,11
đủng,11
trằn,11
xuớc,11
đận,11
olong,11
ecoba,11
zơ,11
nây,11
chiểu,11
tọa,11
rc,11
cmnl,11
ume,11
trói,11
lr,11
suot,11
comfor,11
xíuuu,11
truesky,11
vơia,11
điẻm,11
nia,11
thữ,11
beginners,11
roll,11
bmi,11
hóp,11
chọ,11
dow,11
kđ,11
siez,11
lipton,11
gous,11
deerma,11
bìn,11
coldbrew,11
tể,11
nhunge,11
lgbt,11
quển,11
hơpj,11
crom,11
earphone,11
nhữn,11
rồiiii,11
break,11
asanzo,11
vầng,11
jazz,11
côi,11
emart,11
giập,11
kcal,11
return,11
phựt,11
thớ,11
mrm,11
giãy,11
cuổn,11
yuri,11
extrabass,11
tikiiii,11
mafia,11
lucy,11
vespa,11
papa,11
nguyenvustore,11
giaooo,11
sedan,11
elliot,11
⁰,11
amd,11
affordable,11
meet,11
sất,11
phượng,11
nghén,11
anne,11
oker,11
alphabooks,11
nhiêud,11
crema,11
shap,11
hjnh,11
epson,11
benh,11
trial,11
sea,11
hso,11
ganh,11
zpa,11
lùm,11
hõng,11
lvs,11
ic,11
lhas,11
flycam,11
quại,11
macpro,11
amont,11
thailan,11
sọp,11
sãh,11
kịt,11
okkkkkkkkkkkkkkkk,11
exactly,11
vại,11
found,11
chóe,11
ngiu,11
macara,11
tiy,11
cola,11
sấm,11
feeling,11
chới,11
trắg,11
nhưngx,11
codol,11
linon,11
usagi,11
spec,11
rapoo,11
arc,11
nsm,11
powerful,11
aoc,11
sigma,10
đcc,10
sú,10
khảnh,10
ing,10
wall,10
hĩnh,10
phẹt,10
uoc,10
honey,10
olivo,10
elly,10
kingdom,10
thõa,10
shốp,10
gerber,10
cancelling,10
sịch,10
ồi,10
hamgf,10
laj,10
huyê,10
morgan,10
xuýt,10
shippo,10
pinkie,10
rịn,10
wide,10
chuất,10
xịnnnnnn,10
ùm,10
cuấn,10
difficult,10
kakakak,10
ã,10
buying,10
quạy,10
elcb,10
impact,10
triễn,10
trekking,10
sêm,10
hehehehe,10
owo,10
hể,10
kiễm,10
chef,10
earpods,10
đnahs,10
barbara,10
kkkkkkkkk,10
hó,10
lình,10
ice,10
dệ,10
logictech,10
thơmm,10
rpm,10
vêu,10
khẻo,10
shipp,10
steal,10
arthur,10
dungg,10
phồn,10
ghỉ,10
bõm,10
nhiề,10
kkkkkkkkkkkkk,10
khế,10
remost,10
chạt,10
gx,10
glass,10
ngẹt,10
đỉmm,10
casper,10
xời,10
ahhhh,10
grip,10
pantene,10
gong,10
miniso,10
sanwich,10
nột,10
nnay,10
rav,10
analysis,10
frisolac,10
ỏin,10
khứa,10
solo,10
giaohang,10
kobayashi,10
mỏg,10
morning,10
trướ,10
huhuuu,10
antenna,10
built,10
họn,10
gdinh,10
awww,10
dlink,10
pci,10
thày,10
giầu,10
sệch,10
chuốc,10
béng,10
đêp,10
mute,10
jesus,10
pabrai,10
sácg,10
nặg,10
smr,10
rón,10
gooddd,10
typo,10
hửi,10
chipset,10
thuye,10
hixx,10
handmade,10
khóm,10
dienmayxanh,10
vinasoy,10
ghẽ,10
chưua,10
middle,10
đảng,10
coffe,10
phâme,10
tôy,10
loz,10
quáaaa,10
vỡi,10
dửng,10
emma,10
megaduo,10
hỏ,10
nitta,10
marvel,10
concept,10
prime,10
ngói,10
tuf,10
julius,10
chiụ,10
services,10
mỡi,10
tém,10
vầ,10
war,10
bảm,10
tsuki,10
ngat,10
ủm,10
happylife,10
creative,10
xùi,10
sá,10
hui,10
sabr,10
pát,10
hey,10
tools,10
elec,10
htv,10
bookmak,10
jumbo,10
thue,10
nướ,10
sooc,10
dahua,10
her,10
credit,10
nhùng,10
hoodie,10
sil,10
mihome,10
gias,10
chn,10
roaming,10
cungx,10
bẳng,10
trending,10
appstore,10
nỳ,10
tđ,10
tefa,10
fullface,10
codn,10
gấm,10
lunnnnnn,10
trẹo,10
uc,10
bestbooks,10
gooddddd,10
nlxh,10
viba,10
nhiwng,10
chot,10
ins,10
xop,10
photocopy,10
toyota,10
đuờng,10
xxxxxx,10
sí,10
sory,10
chắm,10
xép,10
dongle,10
autocad,10
btap,10
microless,10
nhưu,10
vsf,10
huóng,10
direct,10
dw,10
dzo,10
rewiew,10
jesse,10
cụa,10
naomi,10
ủnh,10
cunhx,10
dungf,10
already,10
instant,10
solid,10
lợm,10
qs,10
chuae,10
cux,10
zzzz,10
funny,10
thíchhhhhh,10
gate,10
trendy,10
sêu,10
njv,10
lee,10
đưuọc,10
ladophar,10
bulong,10
reivew,10
baggy,10
place,10
eatclean,10
vên,10
cin,10
gth,10
rieng,10
qled,10
rết,10
thềm,10
mịm,10
brush,10
emily,10
đép,10
lifeboy,10
vietnamobile,10
vler,10
less,10
zs,10
phếch,10
zorba,10
nhenn,10
midimori,10
franklin,10
xho,10
sze,10
ci,10
khưi,10
đii,10
past,10
gộ,10
gỉam,10
clb,10
trỗi,10
viao,10
nghiềm,10
moa,10
hơb,10
rơn,10
xyz,10
đếch,10
somat,10
each,10
moba,10
nèeee,10
thid,10
ulatroi,10
games,10
different,10
đuo,10
unisex,10
milimet,10
possay,10
thíu,10
ishiguro,10
tủm,10
going,10
bap,10
aj,10
hòan,10
gaz,10
dha,10
biore,10
hayyyyyyyy,10
leak,10
tói,10
diy,10
liếc,10
tiêc,10
excella,10
insight,10
rười,10
xuốt,10
gả,10
nệ,10
〢,10
giễu,10
dăte,10
modiano,10
supplier,10
ăngten,10
lònggggg,10
detect,10
siza,10
pts,10
phâmr,10
tuỏng,10
tilki,10
dậu,10
chẩy,10
edge,10
ơm,10
kkkkkkkkkkkkkk,10
đate,10
etiaxil,10
luffy,10
wua,10
quắt,10
xiêm,10
nắc,10
camus,10
ytam,10
luyê,10
powerpoint,10
stanley,10
charger,10
single,10
chộm,10
lhi,10
nảo,10
đĩnh,10
kitô,10
lhoong,10
hhhhh,10
nhennn,10
sagan,10
yyy,10
vơis,10
force,10
stanlays,10
vích,10
đẹppppppp,10
vờitốt,10
okkkkkkkkkkkkkkkkkkkkk,10
enzym,10
bud,10
xồ,10
nhông,10
họat,10
pần,10
famille,10
gamepad,10
tiếg,10
pleased,10
nhong,10
meibooks,10
àm,10
nôm,10
mount,10
đnt,10
xxxxx,10
tiyeetj,10
bêtô,10
once,10
bean,10
truóc,10
bẹ,10
nnn,10
printer,10
đùm,10
ntfs,10
tolet,10
nện,10
cụi,10
valentine,10
tưong,10
vãng,10
regular,10
phạch,10
nxs,10
atticus,10
tefan,10
audible,10
sph,10
rép,10
their,10
hjhjhj,10
lới,10
hjj,10
somi,10
tăc,10
protect,10
dùi,10
lụy,10
tiềnn,10
vồ,10
rấttttt,10
platform,10
đầ,10
chẹp,10
soon,10
buzan,10
tôtz,10
kbh,10
words,10
thuỳ,10
joe,10
bloom,10
nhuyển,10
